0.00694464
0.103148
0.00984015
0.00732886
0.00753278
0.00144309
0.00870724
0.00817786
0.00832812
0.00899977
0.0093125
0.0244839
0.00749331
0.00970102
0.00859853
0.000914938
0.0173484
0.00784404
0.00748006
0.0261459
0.00975012
0.0156203
0.0103268
0.00232623
0.00852249
0.00935128
0.00788936
0.0107053
0.00962949
0.00854412
0.00755071
0.0453252
0.0074765
0.00827842
0.00747057
0.00796342
0.00859257
0.00911827
0.00823103
0.00929646
0.00980457
0.00738648
0.00776467
0.0094234
0.00883713
0.00796696
0.00863756
0.0089503
0.00764961
0.00315145
0.00794068
0.0090709
0.0074755
0.00732426
0.00764309
0.00731862
0.00742464
0.00740819
0.00984629
0.00782848
0.00733072
0.00746743
0.00776125
0.00845195
0.0281329
0.00791715
0.0580274
0.0136971
0.0112933
0.00753924
0.00221982
0.0317265
0.00736945
0.00806597
0.00801938
0.00990096
0.00735932
0.010547
0.00847493
0.00862584
0.00755303
0.00917876
0.00832486
0.00746612
0.00821664
0.00736676
0.00927338
0.0211715
0.00792464
0.0079653
0.00752504
0.00740093
0.00807015
0.0113931
0.00770153
0.00790325
0.0113299
0.00854281
0.00782594
0.0392707
0.00736155
0.00766837
0.00779139
0.0066384
0.00638281
0.00748271
0.0083215
0.00730859
0.00908154
0.00753704
0.00823054
0.0164177
0.0142673
0.0222142
0.00838043
0.00771126
0.00951632
0.0137969
0.0157158
0.00826771
0.0438401
0.00739894
0.0168008
0.00859263
0.00737001
0.00733318
0.009252
0.00820287
0.00841138
0.0141877
0.00908673
0.00791355
0.00770632
0.0167383
0.00530134
0.00365116
0.00737905
0.00864211
0.00807724
0.00745713
0.0081747
0.0082476
0.00768834
0.00831705
0.0269872
0.00752507
0.00820034
0.00784024
0.003093
0.00954934
0.00809101
0.00873063
0.0290193
0.0161157
0.00792913
0.00782409
0.00735815
0.00605326
0.00848683
0.0112394
0.00909514
0.00896854
0.00818395
0.017769
0.00883834
0.00754074
0.00790921
0.00792229
0.00844623
0.0151806
0.00743253
0.00798971
0.00777716
0.0155626
0.0145049
0.00922755
0.00739349
0.00778582
0.00151154
0.0112875
0.0100128
0.00780654
0.00327169
0.00977367
0.0083807
0.00885317
0.00872474
0.00924429
0.00769438
0.00756741
0.00445666
0.00910138
0.00795845
0.00790304
0.00784818
0.0335725
9.29777e-06
0.00482858
0.0150428
0.00803584
0.0059849
0.00864424
0.00737854
0.00902433
0.0081645
0.0170845
0.0073283
0.0302074
0.00846905
0.00756108
0.00849093
0.00753643
0.011321
0.0101016
0.0080861
0.00756335
0.00880704
0.00957443
0.0100878
0.0114878
0.0104614
0.00804233
0.00793031
0.0633779
0.00809537
0.00735957
0.00749036
0.0280168
0.00969766
0.0151635
0.00769155
0.00764132
0.00817213
0.00772272
0.00846507
0.00893008
0.00750228
0.00790206
0.0080127
0.0198891
0.00732734
0.0082131
0.00812385
0.00766339
0.00744352
0.00918396
0.00832298
0.00781277
0.00740186
0.00792602
0.00771642
0.00894236
0.00815523
0.00800521
0.00735908
0.00768421
0.00833297
0.00786669
0.00768879
0.00761943
0.00797162
0.0375468
0.00931535
0.00851143
0.00817627
0.0012859
0.00753551
0.00795171
0.00748549
0.00858017
0.00846703
0.00968705
0.00895156
0.00910853
0.0079973
0.00822778
0.00936297
0.0074579
0.0028972
0.00732509
0.0449599
0.0108414
0.00810238
0.00821615
0.00747064
0.00756318
0.00750302
0.00757939
0.00955521
0.00768085
0.00808337
0.00834421
0.00953334
0.00971488
0.0292589
0.00791771
0.00823758
0.00792941
0.00832888
0.00849085
0.0088854
0.00854931
0.00767332
0.00698427
0.0105909
0.0202919
0.00524654
0.00732007
0.0169915
0.0101176
0.00789949
0.00890745
0.00775348
0.00824795
0.00919131
0.0187885
0.00821915
0.652452
0.0087519
0.00816989
0.0188268
0.00788159
0.0189668
0.00761302
0.00740861
0.00827918
0.00900148
0.00784431
0.0079263
0.0094269
0.00735373
0.00784821
0.00735173
0.00808569
0.00882256
0.00865652
0.0087392
0.000896659
0.00790266
0.000244468
0.00918407
0.00946403
0.00748893
0.00794081
0.00792923
0.00742749
0.00921988
0.00841377
0.00828875
0.00791185
0.123683
0.00839924
0.00737298
0.00822167
0.0075598
0.00933553
0.00787212
0.0334916
0.00763432
0.00613793
0.00769238
0.00809014
0.0076291
0.00875868
0.00800331
0.0110792
0.00940524
0.0153906
0.0094729
0.00916229
0.0137629
0.00734134
0.00783243
0.00666503
0.0075124
0.00778008
0.00806916
0.00735803
0.00828222
0.00733071
0.00771149
0.150487
0.00798458
0.0238162
0.0154434
0.0182574
0.00770525
0.0113654
0.00867489
0.00821251
0.00686553
0.00751361
0.0997806
0.00894242
0.00835749
0.0346627
0.00750988
0.00740419
0.00857946
0.00952421
0.00781944
0.00746122
0.00860663
0.00894296
0.0106787
0.00745822
0.00974747
0.0074955
0.00767562
0.00864545
0.0080252
0.0113562
0.00808391
2.45957e-08
0.00786464
0.00674688
0.00748094
0.00965505
0.00801731
0.00786351
0.00822592
0.00774545
0.00791643
0.00765735
0.00776366
0.00745264
0.0141437
0.00937496
0.00969535
0.00831145
0.00835698
0.00853523
0.0103522
0.00745975
0.00763505
0.00874931
0.00731502
0.00739125
0.0080701
0.00844844
0.00806416
0.00737612
0.00924676
0.00770186
0.00801152
0.00792358
0.00760558
0.00742768
0.00831902
0.00762988
0.00731176
0.00770747
0.00780917
0.00893835
0.00761287
0.00799297
0.00892284
0.018439
0.00839161
0.00756909
0.00814285
0.0109078
0.00737363
0.00736133
0.00736316
0.00914964
0.0141504
0.00964856
0.00760204
0.00823705
0.0143759
0.155304
0.00761993
0.0293437
0.0153287
0.0147748
0.00894379
0.0153351
0.0118529
0.0106179
0.00893748
0.00816495
0.00838297
0.00932953
0.0089008
0.0168555
0.00738238
0.0164319
0.00749863
0.00832694
0.00906655
0.00976845
0.00764268
0.00893647
0.00732123
0.00594375
0.00870216
0.00126337
0.0103579
0.0151852
0.00827027
0.00731035
0.00750153
0.00780164
0.0095339
0.0112549
0.00763403
0.00871849
0.00756351
0.00857833
0.00834186
0.0107373
0.01012
0.00852684
0.00896359
0.0106015
0.00878334
0.00750258
0.00868642
0.00746167
0.00741934
0.00773762
0.00791429
0.00851722
0.00819164
0.00765724
0.00811847
0.00915759
0.00754709
0.0376768
0.00772364
0.00894886
0.00886425
0.00175697
0.00793395
0.00975315
0.00801418
0.00733241
0.00894118
0.00797709
0.00734212
0.0191368
0.00802223
0.00968806
0.00804127
0.00743006
0.0163874
0.0117032
0.0080251
0.0076698
0.00764133
0.0147788
0.0250729
0.00764993
0.00887958
0.00797269
0.00821738
0.00785419
0.00784568
0.0103189
0.00751679
0.00862357
0.00955523
0.00892278
0.00867768
0.00890306
0.00774482
0.00757185
0.00749666
0.00757165
0.00983994
0.00755865
0.00612079
0.0080861
0.00788444
0.00760745
0.00219493
0.00776237
0.00831221
0.00761738
0.00798836
0.00767537
0.00800895
0.00914861
0.00765749
0.00887116
0.00747135
0.00999822
0.00838527
0.00786042
0.0076223
0.0106323
0.0151212
0.00749369
0.0149671
0.0102887
0.00782627
0.00787957
0.00825785
0.00805185
0.00742166
0.00742954
0.00507602
0.00820767
0.00928884
0.0245476
0.00828598
0.0106893
0.00774045
0.00919141
0.00845471
0.0170374
0.00811937
0.00460874
0.00791671
0.00807862
0.0103579
0.00850496
0.0083795
0.010066
0.00785749
0.00853229
0.00794222
0.00794997
0.00834725
0.00816337
0.00739826
0.0145449
0.0200468
0.00975564
0.0099376
0.00966002
0.00761583
0.0079555
0.00758667
0.00783402
0.0073902
0.00857451
0.00867598
0.00763149
0.0191313
0.0164073
0.0073882
0.00790124
0.0075824
0.00845915
0.00861007
0.00805221
0.00752727
0.00828255
0.0105162
0.00792045
0.00820891
0.0108625
0.00769334
0.00928797
0.00754118
0.00787089
0.00759711
0.0081157
0.127811
0.020741
0.0181465
0.00873709
0.00791384
0.0985722
0.014319
0.00733509
0.00746368
0.00816214
0.00774872
0.00804423
0.0298298
0.0141058
0.00753704
0.00823901
0.00960507
0.00751553
0.00767848
0.006819
0.0557137
0.00767367
0.00813602
0.00771641
0.00818312
0.00755924
0.0167022
0.00817612
0.00750567
0.0055944
0.00822806
0.0328366
0.0078697
0.00854135
0.00828014
0.00773106
0.00761446
0.00789287
0.00510435
0.00907106
0.00889312
0.0084757
0.00781136
0.0118367
0.00898584
0.00780537
0.0212523
0.00820933
0.00803162
0.00736867
0.00811829
0.0083127
0.00325721
0.00849811
0.00910435
0.00959406
0.0174432
0.00848102
0.00897532
0.00913175
0.00848053
0.018896
0.00731
0.00816981
0.00855686
0.00783591
0.0142828
0.00432488
0.00816634
0.0158905
0.00781603
0.00780489
0.00803512
0.00859191
0.00804542
0.00887746
0.0083361
0.00760844
0.00765333
0.00897915
0.00782317
0.00932851
0.0075614
0.00796666
0.00780923
0.00957543
0.00809264
0.00930845
0.00765047
0.0175791
0.00747627
0.000737011
0.00776346
0.0103416
0.00766041
0.00730803
0.00825944
0.00873092
0.0457438
0.0083436
0.00800486
0.0155859
0.00757439
0.00824249
0.00777601
0.0085364
0.22291
0.00872399
0.00969069
0.0177668
0.011518
0.00943748
0.0074714
0.00894362
0.0196332
0.0076433
0.00798385
0.018542
0.00797974
0.0081957
0.0100823
0.0108129
0.00974754
0.00745866
0.00749191
0.0077887
0.00826714
0.00875691
0.00743652
0.00963393
0.00827835
0.00895959
0.0102037
0.00825679
0.00767084
0.00905108
0.00775025
0.00876876
0.00748822
0.00746962
0.00682244
0.00731578
0.00762245
0.008705
0.00750746
0.0775182
0.00894699
0.00843341
0.00766763
0.00766269
0.0160196
0.00923038
0.00791374
0.00780976
0.00805201
0.0161538
0.00774753
0.00808429
0.00770322
0.00814545
0.00933663
0.00812052
0.0506293
0.00883673
0.00742014
0.00972395
0.00936682
0.00769417
0.0114798
0.00749272
0.00905817
0.00889349
0.00783021
0.0171154
0.0079673
0.0075885
0.0191097
0.00893474
0.0073517
0.00899868
0.00795038
0.00756237
0.0089881
0.0193375
0.00801608
0.00758898
0.00984624
0.00766356
0.00785157
0.0075783
0.0089622
0.00881431
0.0101217
0.0105077
0.0190636
0.00951043
0.00737968
0.00943553
0.130889
0.00805571
0.00859613
0.0074462
0.00744749
0.00763856
0.00762424
0.00863407
0.00746056
0.00938535
0.00816299
0.00740317
0.00793201
0.027791
0.00761965
0.00743555
0.00955522
0.00388485
0.0079864
0.00935424
0.00740615
0.00849114
0.00889064
0.00752853
0.00753027
0.0220739
0.0093874
0.00836259
0.0168073
0.00905483
0.0142478
0.00266158
0.0073515
0.00925709
0.0208697
0.00789487
0.00758091
0.0159227
0.00876926
0.00802517
0.00926842
0.000359662
0.00740933
0.00750974
0.00832187
0.00858493
0.00753837
0.00736361
0.00487202
0.00739723
0.0173401
0.00761018
0.0466903
0.0074611
0.00826032
0.00884884
0.00801074
0.0088689
0.0183883
0.0075294
0.00750679
0.0147355
0.0172694
0.0102576
0.00770097
0.00850382
0.00776744
0.00781917
0.00771118
0.00880251
0.0185805
0.00903723
0.00903669
0.00764276
0.00815364
0.00784329
0.00745401
0.00733769
0.00771874
0.00798451
0.00800191
0.00862375
0.00791494
0.00861676
0.00831054
0.00798517
0.00917679
0.00935323
0.007483
0.0278636
0.0198552
0.00735388
0.0107504
0.00760418
0.000890827
0.00108561
0.00785237
0.00806953
0.00789401
0.00775058
0.0174351
0.00784628
0.0103216
0.00785177
0.00830319
0.00936401
0.00770764
0.00861788
0.00827011
0.00820619
0.0601355
0.0137374
0.010206
0.00814518
0.0105166
0.0153877
0.00125564
0.00783527
0.00817109
0.0305785
0.00763973
0.00811537
0.00835757
0.00763489
0.0076412
0.00785712
0.00890823
0.00779303
0.0090975
0.0075201
0.00139021
0.0152084
0.00775121
0.00772432
0.0104596
0.00967669
0.00751297
0.00909244
0.0114482
0.0778678
0.00752351
0.00777232
0.00667061
0.00926741
0.00955963
0.00908279
0.00837988
0.0074227
0.00787773
0.00813348
0.0024654
0.00776724
0.0086348
0.00789858
0.00745163
0.0080437
0.0103225
0.0100218
0.0123505
0.00756418
0.00952542
0.00781926
0.00830081
0.00826697
0.00776026
0.00236023
0.00756618
0.00535553
0.00880515
0.00738059
0.00759642
0.00732879
0.00922269
0.0092982
0.00952505
0.00746834
0.00852094
0.00844243
0.00458713
0.00744626
0.00855131
0.00758844
0.00850229
0.0100188
0.00804344
0.00830755
0.0082802
0.0226627
0.023833
0.00730834
0.00797035
0.0085016
0.00870087
0.00915768
0.00752769
0.00825428
0.077813
0.00242988
0.0100715
0.00773227
0.0082594
0.00805223
0.00732834
0.00778554
0.00995056
0.00846222
0.00751371
0.00860642
0.00781077
0.00770949
0.00859283
0.0102323
0.0236449
0.00776106
0.00748386
0.00752441
0.0078522
0.0469869
0.00755378
0.0023641
0.00797898
0.0171586
0.0213332
0.00806297
0.00763938
0.00947208
0.0104682
0.00744524
0.00753719
0.00848305
0.00762639
0.0168108
0.0096398
0.00824605
0.00839347
0.00786867
0.00887732
0.0112176
0.00792896
0.00769387
0.0409579
0.00892966
0.00771832
0.00740963
0.00733481
0.00852882
0.0116193
0.007723
0.00776333
0.00761059
0.00787953
0.00981208
0.00866438
0.00806349
0.00769136
0.00802495
0.00788794
0.00879061
0.0140975
0.00802791
0.00757445
0.00793099
0.00762283
0.00742786
0.00752112
0.00901226
0.00811054
0.0235205
0.00881105
0.00800112
0.00782409
0.00776541
0.0148217
0.00857347
0.0100854
0.00903717
0.00765282
0.00742947
0.0361962
0.00796964
0.00756657
0.00733234
0.0114627
0.00753109
0.00811348
0.00636539
0.00878291
0.00820942
0.00736875
0.00780392
0.0157496
0.00756487
0.0163334
0.00816168
0.00739447
0.00950364
0.00777494
0.00923009
0.00741244
0.00830813
0.00796777
0.010199
0.0470596
0.00738445
0.0102971
0.0083436
0.00844678
0.0082596
0.011324
0.00824295
0.00750549
0.00737911
0.0073361
0.00734817
0.00889728
0.0668995
0.0077361
0.0249247
0.00829258
0.00760977
0.0155168
0.00741223
0.00805795
0.00754027
0.00811716
0.00794031
0.00936647
0.00785839
0.00762629
0.0188106
0.0085745
0.00780227
0.0174573
0.00183718
0.00800019
0.00743955
0.00829882
0.00946757
0.00832288
0.00770311
0.00923219
0.00856785
0.00859215
0.0346159
0.00788627
0.00869936
0.00908605
0.00772485
0.00749564
0.011058
0.0699112
0.00746398
0.00747097
0.0444422
0.00935028
0.0174201
0.00139387
0.00741765
0.00741784
0.00826679
0.0168446
0.0101576
0.0139142
0.00795918
0.0373776
0.0077864
0.0327409
0.00828468
0.00915061
0.00889061
0.00900673
0.00779718
0.0103431
0.00751914
0.00948153
0.00393467
0.0109069
0.0118509
0.00802736
0.00786806
0.0101688
0.00851991
0.00946535
0.00846416
0.00954764
0.0110011
0.00761416
0.000911833
0.00831222
0.00746823
0.00862558
0.00986156
0.00738644
0.0102559
0.0074814
0.00777209
0.0077063
0.00826324
0.00828793
0.00806166
0.00814745
0.00842554
0.00836597
0.00771827
0.00821612
0.00762245
0.0033715
0.0080123
0.00874951
0.00751583
0.00863773
0.00768833
0.00937131
0.00804939
0.00799698
0.00856579
0.00754218
0.00445974
0.00638102
0.0266791
0.00887702
0.00785016
0.00811528
0.0293329
0.0151739
0.00776158
0.0203906
0.00899856
0.00836537
0.00883078
0.00943646
0.0087198
0.00918813
0.0102566
0.00879244
0.00737703
0.0079882
0.00961066
0.00777977
0.00751104
0.00773169
0.0115768
0.00738637
0.00984487
0.00861946
0.00743788
0.00868618
0.00731365
0.0183397
0.00860507
0.0092717
0.00735063
0.00857294
0.00775204
0.00759304
0.000128007
0.00974503
0.00927832
0.00925811
0.00738718
0.00773706
0.0167291
0.00849309
0.00801979
0.00772534
0.00780677
0.0104358
0.00742978
0.00875699
0.00778948
0.00781889
0.130187
0.00754495
0.00747143
0.203037
0.00783525
0.00832551
0.00901911
0.0102082
0.00745227
0.00757329
0.00785504
0.00844108
0.00804511
0.00476936
0.00248973
0.0085329
0.00737659
0.00733163
0.00790858
0.00826801
0.00732093
0.00734703
0.0266401
0.00894259
0.00853858
0.00838528
0.00823423
0.00589837
0.0101771
0.016809
0.0239245
0.00749556
0.0111497
0.00859523
0.018721
0.00748128
0.0181945
0.0343561
0.00253109
0.00795502
0.00199164
0.00838002
0.00760795
0.00802734
0.00941141
0.00748979
0.0241042
0.00758897
0.00878115
0.00088964
0.00735305
0.00867831
0.00788158
0.0103126
0.00878098
0.0166649
0.00769106
0.00762218
0.0159006
0.00515174
0.0087235
0.0079152
0.00834199
0.00812266
0.00771188
0.00903079
0.00851198
0.00756566
0.00863951
0.0113072
0.00849211
0.0317572
0.00251156
0.00854519
0.00090789
0.0164893
0.0955891
0.00903517
0.00782728
0.0224205
0.00812711
0.00916736
0.00796365
0.00545054
0.00852765
0.0073212
0.00151531
0.00840957
0.00748842
0.0274262
0.0107052
0.00883645
0.0656285
0.00762849
0.0100943
0.00866663
0.00887392
0.00825134
0.00865709
0.0161538
0.035112
0.00777
0.00755743
0.00880614
0.0149017
0.0078529
0.0178766
0.00739325
0.00752653
0.00816834
0.00446209
0.00846741
0.00979955
0.00809191
0.00762836
0.0212583
0.00767644
0.00790299
0.00997316
0.00814486
0.00747222
0.00605506
0.00773985
0.0110636
0.00812395
0.00736691
0.00707669
0.00972239
0.00961868
0.00540536
0.00897873
0.0574194
0.00793542
0.00832277
0.00776117
0.000524745
0.00768816
0.00494201
0.00746535
0.00783229
0.00815472
0.00823747
0.00848066
0.0114213
0.00542085
0.00782487
0.00746738
0.00786313
0.00817602
0.00841424
0.00889509
0.0098938
0.00732679
0.00767355
0.00845857
0.00799313
0.00871067
0.00749437
0.00740366
0.00741323
0.00988234
0.00834174
0.00822958
0.00169871
0.00821049
0.0103532
0.0153714
0.0103509
0.0590851
0.00872918
0.00740457
0.00804478
0.00829801
0.0087125
0.00789109
0.0209705
0.0341071
0.00923158
0.020675
0.0107436
0.00795828
0.00737722
0.00763754
0.00772827
0.0108774
0.010068
0.00782477
0.00962508
0.000524499
0.00791818
0.00737571
0.018851
0.017282
0.0127399
0.00785709
0.00768449
0.00767283
0.014588
0.00955082
0.00809606
0.00794037
0.00851782
0.0285537
0.00831826
0.00738324
0.00839844
0.00764858
0.00742932
0.00892524
0.00891038
0.00765642
0.00927073
0.00733438
0.00731346
0.00755585
0.0076195
0.00736057
0.00739295
0.0076332
0.00865019
0.0150901
0.0077295
0.00848009
0.0078178
0.00844789
0.00831209
0.00749094
0.00752108
0.0972321
0.0392587
0.00772617
0.00324581
0.0252309
0.00766361
0.00780249
0.00835001
0.0291234
0.0078673
0.00749977
0.00783828
0.00769452
0.00870283
0.00813244
0.00799393
0.00950978
0.00471412
0.00745565
0.0996147
0.00993621
0.00799836
0.00837608
0.00758304
0.00793964
0.00789851
0.00777561
0.00850116
0.00875748
0.00891321
0.00884365
0.0076468
0.00840775
0.0086631
0.0014893
0.00802753
0.0158604
0.00808023
0.00761687
0.0084428
0.00838537
0.00895324
0.00936909
0.00856669
0.00762809
0.00795059
0.00777966
0.00859947
0.0102975
0.00835871
0.0079837
0.00825771
0.0100624
0.00880385
0.00745731
0.00195231
0.00652614
0.00452084
0.0186069
0.00886952
0.00740255
0.00850998
0.00640587
0.0102533
0.0108274
0.0160879
0.0175258
0.00730699
0.00798234
0.00750567
0.00754737
0.00773164
0.00829056
0.00769663
0.00833078
0.0377765
0.00790293
0.00836614
0.00772927
0.00805235
0.00799626
0.0078717
0.00824137
0.00813041
0.00736006
0.0077615
0.00838009
0.0159127
0.0196992
0.00887093
0.00754804
0.0925758
0.00908431
0.00986571
0.00921825
0.00580559
0.00840872
0.00863381
0.00819937
0.00926839
0.00823638
0.00754751
0.00839576
0.0108286
0.00176802
0.0094323
0.000689384
0.00820812
0.00937164
0.00820472
0.00815611
0.00777792
0.00741199
0.013895
0.00784327
0.00832469
0.00820271
0.00857616
0.00786094
0.00778922
0.0129986
0.0108249
0.0268643
0.0104101
0.00990177
0.00784044
0.00776259
0.00890888
0.00755242
0.00854412
0.00855653
0.00873899
0.00769494
0.00164414
0.00859687
0.0376964
0.00260312
0.00734834
0.00861878
0.00859112
0.00744242
0.0491836
0.00535283
0.0083835
0.0321322
0.00871548
0.00786252
0.00825626
0.00810011
0.0083827
0.00801738
0.00768682
0.00799643
0.00900602
0.0073743
0.00756159
0.0189772
0.015491
0.00754202
0.00766309
0.00772937
0.00792364
0.00910912
0.00786988
0.00846997
0.00895499
0.00810778
0.00743154
0.0100395
0.00766032
0.0078844
0.00732516
0.00859568
0.014467
0.00019812
0.00771047
0.0222481
0.00738933
0.043844
0.00781578
0.0075373
0.0101541
0.00743507
0.00835854
0.0102382
0.00756209
0.0074868
0.00870068
0.0074837
0.0076669
0.00750638
0.00747107
0.00763417
0.0217981
0.00956166
0.00814398
0.00535174
0.0083656
0.00835641
0.00919535
0.00837761
0.00733132
0.00863502
0.0077555
0.00812656
0.0073402
0.0295966
0.0097007
0.00740206
0.00601692
0.00759386
0.00752826
0.00878473
0.0144627
0.00757279
0.0194339
0.00766166
0.00732046
0.00963017
0.00891854
0.00931916
0.00756532
0.00824746
0.0074154
0.00879565
0.00780375
0.00816017
0.0100924
0.00936466
0.00794157
0.00748746
0.0176081
0.00319429
0.00790049
0.00782457
0.00783816
0.00884414
0.00898128
0.00735702
0.010266
0.0210595
0.00761061
0.00426816
0.00783192
0.00820794
0.00746227
0.00776119
0.0074489
0.00743418
0.00835434
0.0543018
0.0093101
0.0078073
0.0102068
0.00516408
0.0075502
0.00681863
0.00947991
0.0196957
0.0078345
0.00818294
0.0177019
0.00746579
0.00827208
0.00743571
0.00750372
0.00736756
0.00824899
0.00740336
0.00805556
0.00828433
0.00796064
0.00795736
0.0080345
0.00748493
0.00821821
0.0073718
0.00880112
0.0077935
0.0075671
0.0165776
0.00739721
0.00853172
0.0116931
0.00489048
0.00922032
0.00286252
0.0084107
0.00891456
0.00769967
0.00846821
0.00742116
0.00797426
0.00777651
0.00734226
0.0143081
0.00146068
0.00849902
0.00935486
0.00754011
0.00967081
0.00731131
0.00864174
0.00805703
0.0341488
0.00815508
0.00739199
0.00945394
0.00748645
0.00891285
0.0144874
0.00777478
0.00802397
0.00814759
0.00895454
0.00897679
0.00949122
0.00865491
0.00891855
0.00814545
0.00839337
0.00868699
0.00840957
0.00783813
0.00809777
0.00843751
0.00744067
0.00901962
0.00902222
0.00889393
0.00737707
0.00766798
0.00771651
0.00757322
0.00760657
0.00873864
0.00901674
0.00871692
0.00989071
0.00757514
0.00801494
0.0168127
0.00774763
0.010501
0.00881039
0.00859144
0.00758435
0.00734297
0.00777831
0.00814924
0.00738894
0.00765812
0.00675917
0.00823098
0.00826837
0.0102956
0.0419123
0.00754096
0.0186482
0.00868129
0.00824395
0.0168247
0.0107214
0.00765756
0.0168537
0.00812102
0.00959392
0.000914556
0.00824662
0.00753412
0.00788354
0.00732667
0.00889764
0.00952912
0.00776294
0.00766148
0.000916567
0.00757369
0.00784568
0.00784618
0.00777841
0.00812322
0.008056
0.00855869
0.00749147
0.0075654
0.0016279
0.00845513
0.00847088
0.0217129
0.00744639
0.00766841
0.00738722
0.0103356
0.00862535
0.00770783
0.00342579
0.00805895
0.00880916
0.00807613
0.00788092
0.00775875
0.00766782
0.00757726
0.00753023
0.00968353
0.0169046
0.00941529
0.00858632
0.00889134
0.0145585
0.00597793
0.00752519
0.0109213
0.00740607
0.0224584
0.00749264
0.00742397
0.00818534
0.00816294
0.003998
0.00818056
0.00759372
0.00770929
0.00296453
0.0077789
0.00825855
0.00897639
0.00767983
0.00871389
0.0111509
0.00852547
0.0102791
0.00750011
0.00745863
0.00733882
0.0165282
0.00846059
0.00940021
0.00950072
0.007475
0.00800578
0.00793035
0.00818484
0.00987333
0.00854881
0.00760758
0.00806182
0.00212285
0.00589566
0.00836593
0.00805256
0.00952415
0.00748461
0.0363577
0.00903336
0.00787338
0.003186
0.00661907
0.00909135
0.00763943
0.00751234
0.00756822
0.244234
0.0165971
0.00929988
0.00760656
0.0075868
0.00737357
0.00848535
0.00911615
0.00827378
0.0163016
0.0290445
0.00890959
0.00822169
0.0115748
0.00800118
0.00748257
0.0151553
0.00828582
0.00865476
0.00814806
0.00855315
0.00794657
0.00768616
0.00742747
0.00836908
0.0078618
0.00791094
0.00159782
0.0101972
0.00755001
0.00764065
0.00767323
0.00785191
0.0102387
0.00771719
0.00870109
0.00805461
0.00812778
0.00734262
0.0761552
0.00836578
0.00778613
0.00796772
0.00924145
0.0286214
0.00761758
0.00781399
0.00754939
0.00805037
0.00767057
0.00823738
0.00774383
0.0438224
0.00848314
0.00920337
0.00766471
0.0075784
0.00756916
0.00881062
0.00249507
0.00863805
0.0109132
0.00841942
0.00942818
0.0122055
0.00956305
0.00775358
0.00734999
0.00851813
0.00860714
0.00840548
0.00838126
0.00868231
0.0589315
0.00819624
0.00754614
0.0149938
0.0230246
0.0096548
0.00830951
0.00952553
0.00864202
0.00790309
0.00847304
0.00852228
0.00815271
0.00971459
0.00862383
0.00785063
0.00791656
0.00750837
0.0183546
0.00790641
0.0077235
0.021932
0.00747305
0.00883961
0.0102334
0.0102737
0.00770973
0.00840537
0.0113277
0.00750926
0.00921149
0.0074351
0.00918414
0.00921105
0.00839122
0.00487808
0.00739082
0.00862281
0.00849979
0.00821162
0.00776781
0.00807088
0.00793365
0.00900193
0.00822024
0.00737279
0.00443664
0.00739187
0.0089213
0.00781079
0.0097638
0.0561421
0.00364438
0.0429546
0.00888093
0.00850663
0.0084604
0.00739139
0.00852706
0.00759703
0.00868037
0.00760041
0.00823238
0.00771154
0.00778811
0.00869405
0.00905431
0.00744089
0.0109262
0.00798325
0.00740469
0.00763917
0.00820351
0.00740782
0.0397215
0.0148276
0.00761922
0.135858
0.00745287
0.0076714
0.00801407
0.00919959
0.00741274
0.00898289
0.00908317
0.00466417
0.00810562
0.00753085
0.00777675
0.00736629
0.00951948
0.00788917
0.048581
0.000732814
0.00874487
0.00731805
0.00879362
0.00762182
0.00792929
0.0092707
0.00757353
0.00739829
0.0108884
0.00762429
0.0241552
0.00887747
0.00136459
0.00771905
0.00788817
0.00756083
0.0107188
0.00754414
0.00744582
0.0105934
0.00747302
0.00762569
0.00762559
0.00852946
0.00887354
0.00911825
0.00731935
0.00735227
0.008171
0.00850007
0.0049508
0.0471602
0.011095
0.00464928
0.00827741
0.00956827
0.00977961
0.00789605
0.00732483
0.00747727
0.00749568
0.0244289
0.00873467
0.00780475
0.00804957
0.00760779
0.00803619
0.00739841
0.00848097
0.00865908
0.0866671
0.00861104
0.00828851
0.0176375
0.019896
0.00760056
0.00866803
0.00761684
0.00790355
0.00752326
0.00868189
0.00732941
0.00744996
0.0074276
0.00995166
0.007702
0.00732283
0.0073134
0.0109206
0.00970149
0.000585388
0.00859506
0.00754149
0.00808394
0.0107835
0.00766152
0.00400831
0.00845673
0.00757279
0.0079301
0.0087959
0.00741593
0.00901006
0.00879097
0.00838951
0.00793371
0.00825813
0.0098117
0.00907171
0.00768697
0.00748349
0.0076501
0.00817762
0.00766719
0.00748073
0.00983618
0.0110277
0.00939128
0.0066259
0.00805999
0.00764911
0.00758899
0.0075373
0.0668996
0.00774062
0.00817669
0.00824967
0.0250635
0.00859529
0.00745951
0.00334451
0.00344201
0.0871314
0.00739254
0.0265483
0.00905653
0.00754094
0.00742095
0.0094803
0.0264079
0.00907823
0.018032
0.00770646
0.00111632
0.00765783
0.00895899
0.00950946
0.00794243
0.00798908
0.00265596
0.0100909
0.00851699
0.00781079
0.00788861
0.00949033
0.00993103
0.00938349
0.00985491
0.0111377
0.00957463
0.00811638
0.00807817
0.0074451
0.0227859
0.0092768
0.00830982
0.00862548
0.00805913
0.00777164
0.00737769
0.00760898
0.00768451
0.00747005
0.00845281
0.0098618
0.00819122
0.00751789
0.00796213
0.0199324
0.00871556
0.00793908
0.0388014
0.00809612
0.00806922
0.00762814
0.00944322
0.00839924
0.0220031
0.0160101
0.00880293
0.00738557
0.00830357
0.000986375
0.0154991
0.0300993
0.00769431
0.00742434
0.00773182
0.00770516
0.00770413
0.00793745
0.00772708
0.0161029
0.00837716
0.0184504
0.00128793
0.00787592
0.0148694
0.00770489
0.00828275
0.00756821
0.0180754
0.0078551
0.0210939
0.00786021
0.00762075
0.00737475
0.00761956
0.00796737
0.014408
0.0080501
0.00955791
0.021602
0.00751531
0.00857591
0.00806053
0.00767407
0.00847537
0.0173358
0.0177276
0.0166358
0.00843893
0.00160592
0.00809688
0.00764665
0.00943508
0.00766406
0.008216
0.00925127
0.00739623
0.00747056
0.00402073
0.00744821
0.00840793
0.0125847
0.00783767
0.00755769
0.00805426
0.0074175
0.0113902
0.0281129
0.00789128
0.00735249
0.00789781
0.00925429
0.0087886
0.00893569
0.00935137
0.00182676
0.145652
0.0073781
0.0400203
0.0080002
0.0131746
0.00801889
0.00886549
0.00902297
0.00875417
0.00742509
0.00754963
0.00897694
0.00770884
0.00792814
0.00938541
0.00942891
0.00801475
0.00737131
0.00852737
0.00833704
0.00744428
0.00821993
0.00776849
0.00874556
0.00821987
0.0109245
0.00795061
0.00762347
0.0111054
0.00748489
0.00587679
0.00738454
0.00734744
0.00795598
0.00733891
0.00899513
0.00999043
0.00767492
0.00764791
0.00838147
0.00904279
0.0095084
0.00746279
0.009221
0.00130524
0.00866549
0.0306664
0.0169192
0.00732996
0.00999418
0.00803004
0.00780474
0.00759688
0.0324471
0.00928519
0.0084657
0.008151
0.00734191
0.00188198
0.00773175
0.0548304
0.00770533
0.0074978
0.00872976
0.00968311
0.00767243
0.00780535
0.00870413
0.00757225
0.00791014
0.00958779
0.0171306
0.00808886
0.00782902
0.00766329
0.00753392
0.00828919
0.00837781
0.00324582
0.0080352
0.00841798
0.00731985
0.00783729
0.0179352
0.00907495
0.00102839
0.00817444
0.00779155
0.00759915
0.00787362
0.00823232
0.00787074
0.00965964
0.00810489
0.00853098
0.00916731
0.00971966
0.00731019
0.00829399
0.0286121
0.00761317
0.0300612
0.00271896
0.00818767
0.00797159
0.00740048
0.00883601
0.00857759
0.00875982
0.00774759
0.00785535
0.00744524
0.00156894
0.0385602
0.12421
0.00798521
0.0084532
0.0106671
0.00741692
0.00787683
0.00814766
0.00916451
0.0570497
0.00786373
0.00764935
0.0361674
0.0075463
0.00977592
0.00859537
0.0074165
0.00758865
0.00807263
0.000150505
0.000328708
0.00744822
0.0099592
0.0576299
0.00801376
0.00843947
0.0110372
0.0028011
0.00772627
0.00761684
0.137038
0.00772562
0.00822794
0.00757224
0.00132484
0.00851684
0.00815011
0.00948595
0.0174313
0.00777079
0.00784437
0.0086161
0.00750176
0.00922457
0.00867459
0.00808013
0.00544205
0.00843009
0.00782022
0.00766815
0.00808906
0.0292105
0.00841057
0.00738527
0.00849928
0.00740837
0.00781806
0.00817839
0.00800689
0.0124891
0.00195351
0.0175257
0.00887155
0.0207874
0.0083744
0.00739157
0.00883734
0.00750703
0.00770465
0.00863893
0.00819811
0.00762727
0.00843997
0.0105034
0.00773041
0.00829451
0.00735168
0.028045
0.00773974
0.00842397
0.00909576
0.00934732
0.00796775
0.0081144
0.00827323
0.0168447
0.00830959
0.00762355
0.00803466
0.0161091
0.00775358
0.0173119
0.00792453
0.00754753
0.0104204
0.00793872
0.00769019
0.00754862
0.00842475
0.00796913
0.00737096
0.00751347
0.00806449
0.0076929
0.00752406
0.00805127
0.00813595
0.0093432
0.00800214
0.0081964
0.00807747
0.00373526
0.00868474
0.0173645
0.00734805
0.00796896
0.00789786
0.0159871
0.00753545
0.00855693
0.0334354
0.0159735
0.00883487
0.00832642
0.00885909
0.00859232
0.0101221
0.00780615
0.00935733
0.00839253
0.00764042
0.00753943
0.00815473
0.008944
0.00740426
0.0305197
0.00861249
0.00965984
0.00996033
0.004768
0.00946378
0.0194795
0.00742403
0.0182633
0.00861583
0.00737122
0.00744071
0.00959048
0.00769873
0.00743789
0.00782897
0.00778531
0.00808467
0.00947562
0.0355433
0.00747583
0.00891621
0.0364777
0.00837804
0.00730813
0.00871227
0.00733041
0.0157068
0.00822129
0.0083129
0.00792177
0.00764746
0.00773792
0.00778366
0.00793735
0.0076189
0.0437631
0.00745668
0.00232434
0.00874881
0.0175871
0.00772709
0.00735418
0.0181082
0.00916228
0.00796214
0.00776768
0.0075815
0.0078319
0.00944621
0.00804992
0.00795644
0.00825938
0.00941241
0.00843443
0.0142689
0.00842235
0.00896106
0.0106203
0.00737842
0.00774779
0.00770914
0.00863342
0.00988807
0.0452585
0.00871996
0.00947189
0.00802931
0.00876811
0.00858063
0.00121501
0.00704946
0.0368086
0.0662358
0.00768064
0.0179467
0.0108483
0.00833017
0.0079146
0.00915627
0.00803888
0.00826412
0.00757704
0.00816872
0.0111962
0.00796184
0.00849465
0.00848432
0.00688926
0.00863874
0.00998458
0.00838754
0.0141381
0.0107516
0.00812008
0.00762107
0.0148128
0.00761748
0.00746077
0.00742811
0.0105133
0.00917483
0.00812173
0.00767357
0.00799814
0.0206519
0.00848658
0.000390612
0.00941194
0.00868546
0.00741322
0.00755399
0.00901591
0.00815174
6.259e-05
0.00944479
0.0100186
0.00643508
0.00161486
0.00799575
0.00799034
0.0054908
0.00924277
0.00754544
0.00736027
0.00165696
0.0075019
0.0102753
0.00814692
0.00792231
0.00824331
2.02188e-05
0.00767584
0.00774619
0.00771568
0.0166349
0.00755767
0.00786002
0.00818918
0.00817439
0.00803114
0.00760712
0.00789957
0.00949062
0.00787259
0.00764408
0.0106626
0.00811894
0.0100421
0.00766403
0.00764009
0.00847383
0.00751122
0.00960373
0.00744358
0.00798243
0.00754454
0.00715359
0.00860949
0.00635032
0.00754457
0.00754621
0.00779709
0.0098662
0.00768127
0.00836494
0.00749528
0.0105572
0.00851786
0.0250592
0.01069
0.0256744
0.0075793
0.0100707
0.00759592
0.00957209
0.00770021
0.00774091
0.00963061
0.00938958
0.00890521
0.00733347
0.00757599
0.00795024
0.00737299
0.036177
0.00757362
0.00781786
0.00113913
0.0360722
0.00775854
0.00733038
0.00786141
0.00825471
0.00881502
0.00969078
0.00929101
0.00655071
0.00880508
0.00846325
0.0149671
0.00844446
0.0102709
0.00794395
0.00741017
0.0079371
0.00805911
0.00905102
0.00763695
0.00884518
0.00703338
0.00659696
0.00743269
0.00794041
0.00944261
0.00775026
0.00734832
0.00731133
0.00986994
0.0108036
0.00856439
0.00764832
0.00896447
0.00778322
0.00950443
0.0105804
0.00773829
0.00748445
0.00807026
0.00815653
0.00884659
0.00811566
0.00745071
0.0082156
0.0458196
0.00738398
0.00849079
0.00993962
0.007897
0.0145747
0.00795032
0.00792617
0.00864575
0.00804378
0.00878035
0.00796331
0.00890182
0.00900405
0.00734759
0.00465945
0.010374
0.00833833
0.0145698
0.0075322
0.00748545
0.00789502
0.00938055
0.00890464
0.0239735
0.00837064
0.00837381
0.0069785
0.0087785
0.0076734
0.015945
0.00825463
0.00760959
0.00755205
0.0074028
0.0087439
0.00860711
0.00793019
0.00910386
0.00746207
0.00950118
0.00806236
0.00868883
0.00349604
0.0073463
0.00946141
0.00996076
0.0141634
0.00731141
0.00890397
0.00778736
0.0788789
0.00739176
0.00861678
0.0074447
0.00750568
0.00828449
0.00903963
0.00836411
0.00780156
0.00975308
0.00775677
0.00758387
0.00743748
0.00813044
0.00292919
0.00742249
0.00788993
0.00765862
0.00793799
0.00761797
0.00977275
0.0066701
0.0074038
0.00835726
0.00736966
0.00458633
0.140879
0.00766708
0.00731167
0.0083667
0.00973066
0.0100403
0.00738044
0.00845603
0.001337
0.0166381
0.0112689
0.00813274
0.00763782
0.00755058
0.00760694
0.00757332
0.00776117
0.00801899
0.00748329
0.00801949
0.00834212
0.0116431
0.00903761
0.00758964
0.00786365
0.00741369
0.0077706
0.00828828
0.00739936
0.00787244
0.00776532
0.00855977
0.010396
0.01069
0.173984
0.00886416
0.0041275
0.00831311
0.00824078
0.00804832
0.0186228
0.00775746
0.00121009
0.00857587
0.00748659
0.00826069
0.00753763
0.0144058
0.00779475
0.00813153
0.0102827
0.0106336
0.010857
0.00830272
0.0073508
0.00898127
0.00784531
0.00748827
0.00897251
0.00758911
0.0247082
0.00758098
0.00783337
0.00823822
0.00863311
0.000737705
0.0186705
0.00800197
0.00758307
0.00918761
0.0237843
0.00820839
0.00754699
0.0174154
0.0205786
0.00821578
0.00271588
0.00735082
0.00955519
0.0253156
0.00921547
0.00743263
0.0080434
0.00734812
0.00741031
0.0082195
0.00763824
0.009054
0.00870376
0.00776569
0.0106249
0.0351507
0.00745447
0.00877571
0.0197415
0.00762959
0.00793163
0.00792159
0.0103523
0.00751421
0.00876632
0.00782411
0.00755796
0.00838193
0.00785302
0.00743995
0.0164752
0.00785969
0.0122832
0.00765133
0.0079535
0.0107589
0.00735616
0.00813087
0.00767475
0.00929975
0.00753517
0.00921131
0.00822308
0.00791716
0.00455855
0.00789472
0.00740265
0.0105776
0.0091307
0.00904449
0.0471933
0.00865899
0.0154157
0.147442
0.009391
0.00777952
0.00888786
0.00795283
0.00809947
0.00921852
0.00629441
0.00762291
0.0657514
0.0083333
0.00737909
0.00814777
0.00879517
0.00789478
0.00881112
0.00153376
0.014775
0.0210913
0.0137585
0.007336
0.00845313
0.0165224
0.0215892
0.00886849
0.00901389
0.00753841
0.00868694
0.00752904
0.00819549
0.00814753
0.00805687
0.00756606
0.00905648
0.00551149
0.00772361
0.00960259
0.00477645
0.00312252
0.00776769
0.00745671
0.0274006
0.00742213
0.00791581
0.00794972
0.00738294
0.00840027
0.0101055
0.00901828
0.00954421
0.00880322
0.00744944
0.00731786
0.007556
0.00746439
0.00880022
0.0083723
0.0221342
0.00829098
0.00741437
0.021565
0.00780497
0.020136
0.00772259
0.00894011
0.00730697
0.008607
0.00750351
0.00888249
0.010034
0.0103276
0.0089497
0.0069963
0.00241018
0.0249884
0.00770298
0.0294848
0.00746227
0.00749495
0.0144191
0.00999646
0.00778177
0.00954821
0.030989
0.0155538
0.00836474
0.00795623
0.0076586
0.00831218
0.00967864
0.0100939
0.000438914
0.00807245
0.00817471
0.00911027
0.00946485
0.00975175
0.00180708
0.0075278
0.00890534
0.00736703
0.00786121
0.00791307
0.00849041
0.00832919
0.00784439
0.00968362
0.0179561
0.00863936
0.00869272
0.00810391
0.00894802
0.0176095
0.00846489
0.00740063
0.00784832
0.00747723
0.00731726
0.02379
0.00733464
0.00355044
0.0163127
0.00767958
0.00779654
0.00933233
0.00759415
0.00743786
0.00781665
0.0079061
0.00750443
0.0087214
0.00844927
0.00804976
0.0153246
0.00885525
0.00937987
0.00824443
0.00827617
0.00942231
0.00973944
0.00761589
0.00919387
0.00732242
0.00775402
0.00742474
0.00999701
0.00785233
0.00781784
0.0077823
0.00735819
0.00762526
0.00935219
0.00741197
0.0104887
0.00788559
0.00748624
0.007312
0.00749498
0.00514758
0.00730998
0.00855672
0.00780477
0.00740057
0.0295358
0.0270039
0.00897051
0.00751969
0.00787178
0.0328797
0.00874208
0.00756483
0.00880962
0.00771224
0.0153703
0.00780085
0.00887137
0.00742635
0.00741596
0.00836912
0.00856842
0.00815029
0.0228865
0.00784348
0.00887814
0.00757187
0.0168201
0.0101926
0.00804781
0.00736536
0.0157677
0.00744577
0.00772503
0.00783101
0.00840002
0.00791263
0.0144256
0.00760345
0.00760509
0.0080047
0.00898013
0.00587152
0.00776141
0.00835738
0.00742379
0.0082626
0.007312
0.00791355
0.00809765
0.00812689
0.00794158
0.00747156
0.0253147
0.009153
0.000266811
0.00788703
0.00756551
0.00991599
0.00863359
0.00860515
0.00864071
0.0320565
0.00840526
0.00757082
0.00889173
0.0083019
0.00255535
0.00737148
0.00650485
0.0109556
0.00738561
0.00819656
0.00981044
0.0110659
0.00788898
0.00843572
0.00905432
0.00749688
0.00735855
0.00736172
0.00766101
0.00804966
0.00804962
0.00903578
0.00857695
0.00841432
0.00800446
0.00740829
0.00983996
0.00870361
0.00751279
0.00810124
0.00735796
0.00754448
0.00762267
0.00821037
0.00793956
0.00736997
0.00754216
0.00907906
0.0166464
0.0086267
0.000627558
0.00884908
0.00736557
0.00952782
0.00740962
0.00740009
0.00742462
0.0220808
0.00838609
0.00837773
0.0212099
0.00747154
0.0093764
0.00803554
0.00774683
0.00767935
0.00765373
0.00769399
0.00731743
0.0159096
0.0184433
0.0351645
0.00736609
0.00773848
0.00900852
0.0146202
0.00752613
0.00855164
0.00732888
0.00913671
0.00748362
0.00747633
0.00790176
0.00663038
0.0144581
0.00820926
0.0092224
0.00784985
0.00764236
0.00796761
0.0548108
0.00886187
0.00823728
0.00753052
0.00807682
0.00763374
0.00987162
0.00731952
0.00788306
0.00792861
0.0912169
0.00756005
0.00855927
0.00845971
0.00775071
0.0191557
0.0082295
0.00938689
0.00972629
0.00872339
0.00871124
0.00791567
0.0351719
0.00754776
0.0232499
0.00868603
0.0096598
0.00849751
0.0576577
0.0107182
0.00841395
0.0235766
0.00805863
0.007421
0.00185215
0.00761567
0.00873382
0.00736743
0.0253268
0.00732507
0.00832901
0.00376504
0.00775648
0.0106764
0.00959089
0.00752287
0.00235016
0.00749979
0.0109134
0.0080948
0.0097784
0.00757675
0.00988996
0.00735061
0.0111163
0.00818133
0.010574
0.0076254
0.0102089
0.00798346
0.00919637
0.00783105
0.0075662
0.00824579
0.0104524
0.00759338
0.00942696
0.00875109
0.00855974
0.0363098
0.00757774
0.00738239
0.00901562
0.00948444
0.00775416
0.00754772
0.0180836
0.00912466
0.00731179
0.0145946
0.00802922
0.0916961
0.0428509
0.00637341
0.0100539
0.00829555
0.0111027
0.00748712
0.0119873
0.00768657
0.00921715
0.00759958
0.00506671
0.00786454
0.00803712
0.00785186
0.00738285
0.00743669
0.0073969
0.00746933
0.0075232
0.00858776
0.0248638
0.00754524
0.0161908
0.00768083
0.00985339
0.00128337
0.00771671
0.00853501
0.00740934
0.0111692
0.00978851
0.00820417
0.00753444
0.00912835
0.00741761
0.0099606
0.00974569
0.00738697
0.00839531
0.00222773
0.00802212
0.00777253
0.00788103
0.081552
0.000743873
0.00957814
0.00765491
0.00835258
0.0119658
0.00633446
0.00759774
0.00752076
0.0073348
0.00755937
0.017577
0.00737416
0.00993554
0.00768741
0.00794561
0.00904966
0.0092607
0.0166748
0.00913228
0.00869246
0.00874309
0.0061867
0.00988979
0.0105079
0.0111147
0.00999299
0.00803338
0.00740441
0.00806768
0.00921492
0.00894195
0.0207899
0.0411255
0.00774549
0.00748417
0.00770177
0.00747397
0.00822211
0.00844513
0.0102602
0.0164783
0.00804848
0.0216672
0.00748908
0.00784598
0.0082165
0.00818688
0.00744181
0.00801989
0.00827081
0.00742477
0.00773994
0.00857735
0.00758693
0.0205234
0.00938735
0.0080952
0.00786888
0.00787857
0.00861248
0.00855009
0.00777446
0.008022
0.00740782
0.00749091
0.00761312
0.00744605
0.00808886
0.00785793
0.00782014
0.00787309
0.0076925
0.00737423
0.00799522
0.00787798
0.0096054
0.0138057
0.00863037
0.0178219
0.00739173
0.00831693
0.00308929
0.00879419
0.00752601
0.00872253
0.0078833
0.00821502
0.00827599
0.0080045
0.0073822
0.0173002
0.00765038
0.00780246
0.0167184
0.00825904
0.00830524
0.0210489
0.00743233
0.00756554
0.0100025
0.00821732
0.00815938
0.00741588
0.00820467
0.00876083
0.0563396
0.00880161
0.00752598
0.00772788
0.00757182
0.00916131
0.0282217
0.051942
0.00749509
0.0272326
0.00769124
0.0078735
0.00743325
0.00807996
0.00816516
0.0075756
0.00744148
0.00984929
0.00871775
0.00866183
0.0510326
0.00191366
0.00967643
0.00746183
0.00755487
0.00067673
0.00773257
0.00767966
0.00757818
0.00750864
0.00895757
0.00356934
0.00799243
0.00839275
0.0102334
0.0174744
0.00734468
0.00767705
0.00930248
0.0343732
0.00937414
0.00739602
0.00814778
0.00771969
0.00733641
0.00887191
0.0146225
0.0103195
0.00814866
0.00126005
0.00780335
0.00823218
0.00772904
0.00756003
0.00753334
0.0077674
0.0180805
0.00826284
0.00946316
0.0716749
0.00927385
0.0109907
0.00776821
0.00924091
0.00808581
0.00774292
0.00823009
0.00777812
0.00254977
0.00754579
0.00806411
0.00980599
0.00853276
0.00739587
0.00923959
0.00928952
0.0105186
0.00765301
0.00739938
0.0156837
0.0086066
0.0146127
0.001081
0.00802027
0.00861186
0.0102053
0.00740777
0.00810227
0.00741056
0.00767156
0.013822
0.00752315
0.00837772
0.00743366
0.0273398
0.00815674
0.00900073
0.00915849
0.00758267
0.00742776
0.00867949
0.007536
0.00812892
0.00762303
0.00745611
0.00793553
0.00831583
0.00848479
0.00752124
0.00792083
0.00886275
0.00107013
0.00739448
0.00736733
0.00892525
0.00773519
0.0100706
0.00817682
0.00780815
0.0177511
0.0146033
0.0153891
0.00821569
0.0076562
0.00899565
0.00833273
0.00978415
0.0252587
0.00741988
0.00740945
0.0021161
0.00767655
0.00831568
0.0108361
0.0450975
0.00966366
0.00732632
0.0074901
0.00762029
0.00742016
0.00815162
0.0114902
0.00893451
0.00758138
0.00800039
0.0181489
0.00792804
0.0318855
0.00757384
0.00145734
0.00837595
0.00921176
0.00832796
0.0063428
0.00170338
0.00825833
0.00781169
0.00818767
0.0074012
0.0507789
0.00904098
0.010817
0.0101161
0.0105161
0.0076702
0.0079658
0.0103649
0.00758509
0.0116505
0.00789147
0.00805879
0.00743947
0.00831433
0.00868105
0.00789154
0.0082195
0.00863002
0.0344349
0.00784373
0.00735813
0.0177317
0.0089827
0.00907421
0.0107181
0.00739311
0.00863493
0.0103995
0.019107
0.0077528
0.0083139
0.00796732
0.00805193
0.00687139
0.00745407
0.00892551
0.00852239
0.00955121
0.00931766
0.0154138
0.00801824
0.00757341
0.00968092
0.00771489
0.00853159
0.00743628
0.0084943
0.00763281
0.00764466
0.00784735
0.00802031
0.0102849
0.00809597
0.00990215
0.00741778
0.00791122
0.0220524
0.00808209
0.00828901
0.00731764
0.0206738
0.00744955
0.00809237
0.00833006
0.00733043
0.00811148
0.0075788
0.010278
0.00853325
0.00790406
0.00793163
0.0206826
0.00778251
0.00785334
0.00841967
0.00865698
0.00782803
0.00762392
0.00765789
0.00860624
0.00732734
0.00907466
0.00763438
0.00772563
0.00753673
0.0589598
0.0184856
0.0238498
0.00738229
0.0074984
0.00757177
0.00776485
0.00838561
0.0250895
0.00838881
0.00842088
0.00770915
0.00773222
0.00826454
0.0074378
0.00738187
0.00807744
0.00733248
0.00800253
0.00801444
0.00788476
0.0431404
0.00332113
0.00823662
0.00928383
0.00792721
0.0143211
0.00894406
0.00586157
0.00422513
0.00736056
0.00818011
0.0100247
0.0116808
0.00875139
0.00840499
0.00769576
0.00732142
0.00860044
0.00786551
0.00867973
0.00743992
0.146143
0.00834668
0.00775523
0.0155555
0.00749612
0.0526807
0.0106721
0.0150056
0.00206914
0.00769635
0.00710459
0.0074446
0.0109611
0.0075031
0.0082934
0.00833766
0.00910711
0.00754512
0.00252583
0.00747206
0.00932919
0.00839878
0.0076905
0.00744885
0.00788031
0.00827608
0.0102131
0.00831742
0.00540275
0.00782653
0.0085585
0.00755933
0.00860352
0.00774526
0.018509
0.0101432
0.00605796
0.00856896
0.00731014
0.00750736
0.00868546
0.00834268
0.00974879
0.00748647
0.00907646
0.00934218
0.00971936
0.0294542
0.0079543
0.0076487
0.0085903
0.00969382
0.00790151
0.00805857
0.00335188
0.00875703
0.00916844
0.00823115
0.00777184
0.00760665
0.0043688
0.00821999
0.0077298
0.00913888
0.00868303
0.00734145
0.0287249
0.0022413
0.00834282
0.00742959
0.00847876
0.00891711
0.0200826
0.00735034
0.00769803
0.00860334
0.00738699
0.00883107
0.00955652
0.128235
0.00785516
0.00874757
0.00919636
0.00905711
0.0086603
0.00814278
0.00326901
0.00768377
0.0220337
0.00776525
0.00808379
0.00825783
0.0183046
0.00766586
0.00797264
0.0107164
0.00789761
0.118336
0.0091995
0.0151605
0.0078565
0.0174313
0.00865581
0.00807536
0.00863128
0.00997711
0.00772121
0.134645
0.0161788
0.0175573
0.0193826
0.0195248
0.00917456
0.00795571
0.00481557
0.00804603
0.00733154
0.00853414
0.00748073
0.00853333
0.00766459
0.0492751
0.00906295
0.0103083
0.0081332
0.015105
0.00784629
0.00865775
0.00747919
0.00766977
0.00844129
0.0106585
0.0107464
0.010981
0.00877652
0.00736085
0.00309485
0.00763097
0.00760848
0.0104522
0.0079096
0.011291
0.0105644
0.00917478
0.0099519
0.00757884
0.008269
0.00915673
0.00792429
0.00421318
0.00736794
0.0218379
0.00742988
0.00978095
0.00946706
0.00743873
0.0074156
0.00860502
0.00906394
0.00923224
0.00920872
0.0074917
0.0082741
0.00828506
0.00803158
0.00851491
0.00759434
0.00809857
0.00181446
0.00797622
0.00814661
0.00833861
0.00807679
0.151196
0.00884499
0.00831378
0.00446609
0.00810338
0.00742443
0.00757174
0.0137037
0.00800348
0.00989042
0.0109165
0.00738325
0.00758848
0.00819038
0.00749938
0.00880314
0.00742442
0.0086965
0.00857493
0.0110712
0.00795112
0.00731879
0.00744827
0.00794066
0.00734051
0.00753515
0.00836283
0.00769103
0.0194257
0.0482044
0.00748368
0.00941065
0.0076296
0.0075121
0.00824627
0.00740324
0.00747058
0.00828567
0.00960903
0.0882463
0.00847608
0.00766292
0.00837483
0.00817548
0.0104619
0.00757681
0.00812523
0.0109727
0.00880601
0.00915402
0.00847469
0.00855638
0.00819577
0.00787019
0.00814715
0.00922706
0.00922604
0.00799442
0.0090013
0.00736292
0.0396585
0.00780179
0.00730911
0.0102984
0.0227485
0.00391055
0.0278107
0.00858052
0.00773727
0.00992595
0.00935552
0.0164199
0.00800739
0.0351489
0.00906906
0.0178424
0.00858092
0.00809908
0.00890159
0.00797066
0.00838023
0.0241886
0.00740356
0.00853604
0.00888707
0.020224
0.0301309
0.00869522
0.00741554
0.00818184
0.0032321
0.0166388
0.00953702
0.0096176
0.00783139
0.095083
0.00733443
0.0081209
0.00794654
0.0412285
0.00847276
0.00921995
0.00796545
0.00775856
0.00805393
0.0084706
0.00994839
0.014263
0.0197426
0.0157654
0.00872749
0.00780405
0.00858359
0.00755174
0.00740319
0.00835693
0.00753506
0.00772594
0.0181896
0.0211482
0.00769381
0.00778818
0.0080764
0.00819075
0.0104469
0.00895316
0.0102547
0.0075191
0.00857742
0.00795094
0.0107763
0.00830144
0.018753
0.0179201
0.00232286
0.00896781
0.0184392
0.00542413
0.00769471
0.0141128
0.0106703
0.00775342
0.00906221
0.00744576
0.00752413
0.00876052
0.00824449
0.0075205
0.00993344
0.00736398
0.00870595
0.0167206
0.0124149
0.00768604
0.0103214
0.00870654
0.0080456
0.00853363
0.00649414
0.00851973
0.00949653
0.00950481
0.00735813
0.0590577
0.00842489
0.0100054
0.00780441
0.0103935
0.00754491
0.00941537
0.00117466
0.00865634
0.0253431
0.00788813
0.00905148
0.0076371
0.00754263
0.00834933
0.00838579
0.00931372
0.0114908
0.0108926
0.0075538
0.00924131
0.00909599
0.00819695
0.0075164
0.00773965
0.00915728
0.0462201
0.00762226
0.0154093
0.00675071
0.00810589
0.00777549
0.0108489
0.0080026
0.0134938
0.00829608
0.00780575
0.00773967
0.00786808
0.00864579
0.00740249
0.144104
0.0180096
0.0085793
0.0221497
0.00859773
0.00970957
0.00767374
0.00804734
0.0088117
0.00744361
0.00964542
0.00746841
0.0100172
0.0074465
0.00766744
0.00893771
0.00977634
0.00707684
0.0083401
0.00783755
0.00763531
0.00873045
0.00734674
0.00858408
0.00774833
0.00846344
0.020249
0.0112684
0.00805315
0.0084582
0.00856118
0.00942879
0.00835244
0.00896775
0.00751768
0.00790233
0.00976046
0.0163228
0.00806389
0.00837724
0.00933847
0.00730678
0.0114114
0.00886673
0.0196292
0.0188001
0.00965252
0.00787338
0.00766889
0.0080604
0.00849645
0.00811218
0.00883812
0.0109373
0.00763504
0.00753095
0.00775441
0.0105684
0.00749961
0.00381149
0.00741773
0.0110262
0.00734
0.0105503
0.00733216
0.00732946
0.007693
0.0100252
0.00971069
0.0075726
0.0139024
0.00016805
0.00809446
0.0088061
0.0261463
0.0212346
0.0095816
0.00781687
0.0133594
0.00990578
0.00758881
0.0228658
0.00829626
0.008706
0.00851778
0.00779912
0.0149395
0.00844358
0.00921731
0.00959848
0.0075813
0.0322588
0.00769012
0.0113202
0.00829597
0.00883134
0.00765245
0.00519553
0.00839225
0.00773992
0.00976472
0.0150403
0.00814237
0.00733617
0.0074871
0.00857318
0.00767362
0.00748566
0.00755761
0.00812753
0.00874641
0.00730726
0.0151712
0.0355362
0.00801309
0.00734923
0.00428931
0.0102074
0.00889664
0.00760334
0.00764924
0.00344377
0.00774312
0.0273493
0.0066449
0.00887777
0.0162765
0.0077076
0.0073926
0.00752729
0.00870589
0.00842323
0.0161169
0.00797112
0.00736675
0.00816615
0.00994894
0.00760287
0.010382
0.0080836
0.00914892
0.00789792
0.0126265
0.00777198
0.00772504
0.00746793
0.00906562
0.0111764
0.00905017
0.0599253
0.00625316
0.00759513
0.00833344
0.00735214
0.0234356
0.010459
0.00378136
0.00794366
0.0113734
0.00399972
0.00790358
0.00741344
0.00752034
0.0617173
0.0163239
0.00833358
0.00754673
0.00762506
0.00768613
0.00281542
0.0147929
0.00814668
0.00962055
0.00547223
0.00766493
0.00732798
0.00761573
0.010068
0.00900575
0.00797594
0.00965139
0.0228317
0.0177543
0.0075933
0.00843002
0.00340765
0.00420928
0.00813743
0.00656786
0.00841503
0.00828849
0.0137659
0.00753564
0.00738953
0.00764933
0.00556165
0.0088916
0.00772173
0.00818954
0.00771894
0.00801538
0.00867569
0.00781328
0.016836
0.00734351
0.00562126
0.0126119
0.00829693
0.0156481
0.00922839
0.00765444
0.00759132
0.00735857
0.007718
0.00928503
0.00954544
0.00807134
0.00843977
0.0356353
0.00851209
0.0187725
0.00782841
0.0104281
0.0074989
0.0163386
0.00837871
0.0112915
0.00829233
0.00808817
0.00771093
0.0146046
0.0155381
0.00936065
0.00755072
0.0117024
0.00325924
0.00798799
0.00905988
0.00855559
0.00792069
0.00730658
0.0166397
0.0166694
0.0275758
0.00818355
0.00956782
0.00774939
0.00732186
0.009597
0.00788417
0.00932371
0.00510425
0.00774078
0.00845375
0.00772523
0.00944564
0.00771698
0.0075319
0.00810441
0.00773892
0.00761987
0.010572
0.00495917
0.0196474
0.00862118
0.0075251
0.0778474
0.00786733
0.00776512
0.0141221
0.00873765
0.0104948
0.00793832
0.00841719
0.000286324
0.00515218
0.00743282
0.00474796
0.00831412
0.0116543
0.00791248
0.00892836
0.00754841
0.00914389
0.00803608
0.00924889
0.00771921
0.00765093
0.0081964
0.00900014
0.012439
0.00828133
0.00834881
0.00878
0.00773085
0.017786
0.0107114
0.00931504
0.00896509
0.00836858
0.00778011
0.00778767
0.0110597
0.00747309
0.00734346
0.014461
0.00741134
0.00759385
0.00758112
0.00813322
0.0104356
0.00777992
0.00762796
0.0074809
0.0352708
0.0112426
0.00796009
0.00769626
0.00891699
0.0073753
0.00820936
0.00764814
0.00363659
0.00742847
0.265195
0.00793251
0.00796531
0.0139882
0.01131
0.00754279
0.00734019
0.00765775
0.00893854
0.00853621
0.00880676
0.0110452
0.00986461
0.00731096
0.00744625
0.000218079
0.00673041
0.0159487
0.00911666
0.00750614
0.00767479
0.00742022
0.0296144
0.00786479
0.00745325
0.00746566
0.01853
0.00805873
0.0111751
0.00865884
0.00897242
0.00805546
0.00743424
0.00782519
0.00749908
0.00782518
0.00895873
0.0078431
0.00845257
0.0074474
0.00793937
0.00821669
0.0104801
0.00909834
0.00733584
0.00876723
0.0075302
0.00760835
0.00808834
0.00859507
0.00848543
0.00839128
0.00894893
0.0299124
0.00776942
0.0101797
0.00897829
0.0228425
0.0092686
0.00803964
0.0103531
0.00912114
0.00308903
0.00888731
0.00868647
0.00776208
0.0086888
0.0165805
0.00950427
0.0075139
0.015648
0.0421648
0.00830492
0.0163804
0.0145641
0.00805321
0.00834085
0.00873018
0.0130605
0.0100721
0.0368052
0.00877898
0.00811007
0.00770701
0.00808003
0.00823399
0.00776549
0.0204677
0.00884037
0.00753593
0.0109348
0.00850073
0.00732777
0.00790946
0.0259827
0.00930343
0.0748763
0.0136549
0.0139987
0.00950684
0.00766713
0.00747862
0.00791289
0.0408692
0.00831687
0.0077709
0.00987409
0.00731481
0.00764655
0.00747972
0.00783778
0.0240917
0.00427286
0.00834445
0.0079843
0.0080666
0.00856633
0.00984919
0.00742354
0.0092354
0.00868903
0.0233734
0.00946741
0.00745492
0.00787106
0.00776503
0.00739658
0.00749293
0.00938413
0.0100725
0.00779933
0.00895837
0.00732662
0.0214361
0.00789601
0.00918469
0.00760307
0.0079245
0.00755765
0.0183883
0.00920425
0.00793319
0.00755042
0.00885444
0.00730954
0.00808526
0.00744011
0.00387713
0.00736506
0.0199873
0.01966
0.00753236
0.00731814
0.0105726
0.00874922
0.00763923
0.0173352
0.00731107
0.00928893
0.00739464
0.00921976
0.00780832
0.0075763
0.00902496
0.00908659
0.00833855
0.00872198
0.0075791
0.00735592
0.00759443
0.00750469
0.00744697
0.00736937
0.0110825
0.00792262
0.0102461
0.00861161
0.0418983
0.00960839
0.00820845
0.00394694
0.00745851
0.0243606
0.0081169
0.00940962
0.0117477
0.00355203
0.0170561
0.00737288
0.00751995
0.00992383
0.00811141
0.015275
0.010327
0.00801998
0.0148934
0.0085784
0.00784469
0.0107019
0.00929879
0.0139166
0.00833585
0.00822706
0.00737551
0.0088894
0.0303134
0.00792947
0.00734804
0.00783331
0.00749161
0.00849575
0.0238981
0.0243435
0.00741835
0.00860333
0.00823319
0.00868616
0.00896231
0.0164092
0.0178768
0.00821054
0.00731037
0.00779061
0.00747926
0.0519904
0.00827477
0.00832355
0.00769742
0.00752726
0.00933433
0.00766183
0.0102942
0.0235874
0.00752682
0.0184834
0.00847935
0.00793451
0.00761223
0.00915705
0.0078695
0.0150248
0.00761329
0.00743777
0.008782
0.00794826
0.0160491
0.00903085
0.00886395
0.0110892
0.00780195
0.0233853
0.00737467
0.00774768
0.00757278
0.00797362
0.00829632
0.00762158
0.00761481
0.00765224
0.00760827
0.00748999
0.00785349
0.00851397
0.00857931
0.00764331
0.0113562
0.00754796
0.00790166
0.0166805
0.00849049
0.00903806
0.0301694
0.00744307
0.0148122
0.00847994
0.00754973
0.0020102
0.0408012
0.0344368
0.00785763
0.0213931
0.0182607
0.00783474
0.00862998
0.0087067
0.00767427
0.00924283
0.00778679
0.00755846
0.0100676
0.00946661
0.00755413
0.00780322
0.00775577
0.00837872
0.00805644
0.00734279
0.00751821
0.00984642
0.0159669
0.00533712
0.010173
0.00770472
0.0211878
0.0108863
0.0073838
0.0100209
0.0153107
0.00329985
0.0109538
0.00933491
0.0199634
0.00815501
0.0257179
0.00756777
0.00991784
0.00836854
0.0081843
0.00253015
0.00792426
0.0075873
0.00761343
0.00736152
0.0104881
0.007354
0.00783369
0.00859967
0.0163487
0.00882501
0.00765981
0.00791746
0.00832706
0.0124672
0.0114001
0.00865787
0.00872341
0.00822595
0.00958942
0.00738009
0.0076708
0.00345938
0.00754031
0.0155198
0.00822402
0.0322056
0.00281231
0.00756638
0.0084056
0.0080299
0.00843463
0.00731498
0.0074021
0.0078378
0.00732199
0.00850582
0.00740375
0.00993642
0.00793705
0.00785795
0.00787043
0.00773457
0.00839447
0.0099543
0.0875676
0.00850343
0.039756
0.00755977
0.0079921
0.00747777
0.0102325
0.0073597
0.00863592
0.00746238
0.00750617
0.00732133
0.0358525
0.00867785
0.00757479
0.00828839
0.00732332
0.0107254
0.00776769
0.00783302
0.00814063
0.00912487
0.007473
0.00795322
0.00848868
0.00759009
0.0090719
0.00736019
0.00847237
0.00831659
0.00744702
0.0079722
0.00869777
0.0104418
0.00756942
0.00761873
0.00854815
0.0198741
0.00827741
0.00775951
0.00887335
0.00806972
0.0384654
0.00769106
0.00765699
0.0101582
0.00501014
0.00502745
0.00813348
0.00982162
0.00814181
0.00830442
0.0078123
0.000853346
0.00902391
0.00746142
0.0262128
0.00831184
0.00750098
0.00836991
0.00799783
0.0155065
0.00769564
0.00788523
0.00741279
0.00850439
0.00820697
0.00812514
0.00796022
0.00356938
0.00941278
0.00737457
0.0112804
0.00747224
0.00748812
0.0106444
0.0100036
0.00894697
0.00778545
0.00849984
0.0237824
0.00963027
0.00758192
0.0190905
0.007768
0.0107524
0.00740367
0.00761091
0.00986545
0.130441
0.00969941
0.00873065
0.0075141
0.0148918
0.0104322
0.0204457
0.00874022
0.0081816
0.00917087
0.00758305
0.00896852
0.00859099
0.000692416
0.00761226
0.00844059
0.00817828
0.00832085
0.0103634
0.00835878
0.00739225
0.0076386
0.007501
0.00737701
0.00757616
0.00856083
0.00794325
0.00732967
0.00805285
0.00835336
0.0079231
0.00769288
0.00757862
0.0168333
0.00879295
0.0105363
0.0080046
0.00760019
0.00742155
0.0295713
0.00741866
0.0253793
0.00735084
0.00806821
0.00843322
0.00765085
0.00952671
0.00774995
0.0076248
0.0112204
0.00869444
0.00737663
0.00787929
0.00743773
0.00799655
0.00812982
0.00896711
0.00829703
0.00871539
0.00797552
0.00467412
0.00828637
0.00798827
0.0100977
0.0235785
0.00888039
0.00763409
0.00942279
0.00871647
0.00804396
0.0160745
0.0347349
0.00893228
0.0160476
0.0156109
0.00833126
0.0078317
0.00984251
0.00732859
0.00763588
0.022295
0.0158467
0.00796578
0.00850142
0.00999881
0.00756498
0.00780305
0.00764305
0.00819658
0.00821828
0.0075959
0.00672996
0.00861763
0.00805528
0.00754099
0.00834396
0.00851461
0.00741827
0.00763339
0.0409236
0.00922276
0.00837907
0.00752324
0.0083056
0.00776319
0.0216622
0.0156455
0.00827016
0.0219219
0.00882487
0.0083264
0.00752016
0.00737028
0.00792099
0.00903109
0.00771919
0.00770364
0.00564489
0.00785969
0.00828307
0.00931243
0.000507315
0.00775961
0.00905181
0.00318771
0.00779844
0.00745847
0.0095253
0.00741447
0.0109987
0.00730977
0.00779966
0.0164696
0.0101418
0.00811758
0.0440106
0.00994423
0.00885574
0.00880378
0.0107326
0.00902667
0.0107189
0.00809341
0.00754499
0.00797099
0.00957105
0.00996062
0.00734775
0.00887463
0.00769041
0.00850188
0.00750062
0.00858895
0.00377207
0.00838473
0.00857037
0.00781458
0.00811927
0.0078389
0.00922319
0.00742765
0.0104872
0.00836918
0.00980821
0.00295112
0.00768615
0.007607
0.0101357
0.00843582
0.00907055
0.00949182
0.00777802
0.0103709
0.00833134
0.00780169
0.0110422
0.00761462
0.00772716
0.00806169
0.00768157
0.00786604
0.0562808
0.00766816
0.00897381
0.0178067
0.0194005
0.00737919
0.00743747
0.00737912
0.00792858
0.00425945
0.00797239
0.00962515
0.00843505
0.00760846
0.00831841
0.00738237
0.00734441
0.00873483
0.00885372
0.00925469
0.0132426
0.00781455
0.00770632
0.0078193
0.0217889
0.0085928
0.00797131
0.00757729
0.00911972
0.000243752
0.00850616
0.0138964
0.00632841
0.0144894
0.0141966
0.0108577
0.0109599
0.00741559
0.00995053
0.00984347
0.079715
0.00893943
0.00780508
0.00983339
0.00547906
0.00880292
0.00874832
0.00613794
0.0309008
0.0030577
0.0621593
0.00373415
0.00854349
0.0074754
0.00863686
0.0075904
0.00960982
0.0083527
0.00816755
0.00846346
0.0291576
0.00871497
0.00765403
0.00985982
0.0104874
0.00741888
0.00733394
0.00737403
0.00804556
0.0106887
0.00806686
0.00869412
0.00779283
0.0150201
0.0268796
0.00827138
0.00743231
0.00733219
0.00828633
0.00900939
0.00892264
0.00778834
0.00744873
0.00923805
0.00771304
0.00735595
0.0157647
0.00783607
0.00768458
0.00995803
0.00782814
0.0167724
0.0915363
0.0083345
0.00770206
0.00940441
0.00806874
0.00758227
0.0127694
0.022442
0.0109185
0.00736992
0.0060697
0.0221464
0.0434015
0.00739801
0.00820483
0.0205611
0.00803063
0.00748036
0.0090384
0.00982945
0.00788131
0.0182667
0.00856209
0.00743963
0.00915259
0.00739138
0.00753658
0.00785665
0.00918036
0.00741423
0.00742705
0.0323149
0.00591082
0.00837708
0.0221428
0.00766628
0.00762137
0.00757086
0.00919741
0.00771268
0.0083892
0.0292881
0.00930452
0.014809
0.00850235
0.0263217
0.00679614
0.00759153
0.00745947
0.00871042
0.00907114
0.00769519
0.00744414
0.0104523
0.00940969
0.0076543
0.00797543
0.0168304
0.00746477
0.00828953
0.00786942
0.00815313
0.00835462
0.00733084
0.00836713
0.0256354
0.00868691
0.00882565
0.0379496
0.00770123
0.007684
0.0234573
0.000612322
0.0034568
0.00840326
0.00747756
0.00978098
0.0153126
0.00861031
0.00795408
0.0147498
0.00768892
0.00606299
0.00846818
0.00876716
0.00786132
0.00265145
0.0100019
0.00876905
0.00821396
0.0971859
0.00867664
0.00776518
0.0090319
0.00774725
0.00795542
0.00827904
0.00757253
0.00810995
0.0187103
0.00767113
0.00744395
0.00827324
0.00804924
0.0102466
0.00848514
0.00767795
0.021576
0.00787337
0.00374553
0.00904742
0.00763416
0.00738493
0.0456433
0.00821729
0.00838412
0.00887358
0.00871078
0.0103866
0.00758819
0.00787809
0.0600776
0.016737
0.00759244
0.00863935
0.00768947
0.00757062
0.00896206
0.00745986
0.00754257
0.00861101
0.0159854
0.00789733
0.00778188
0.00800532
0.00812507
0.00804454
0.00743824
0.0181797
0.007599
0.00842073
0.00779011
0.00926076
0.00945543
0.0085459
0.00356553
0.00813119
0.0010716
0.00747856
0.00803152
0.000711577
0.00811887
0.00326469
0.00866748
0.00716921
0.00799168
0.0139784
0.0102261
0.00764415
0.00817309
0.00867917
0.00556227
0.00755832
0.0096927
0.00899144
0.00835073
0.00732119
0.00785236
0.00966428
0.0634353
0.0162464
0.00756026
0.00842654
0.00792766
0.0096526
0.008378
0.00967352
0.0090215
0.00760735
0.0078392
0.00772003
0.00772763
0.00731433
0.00787474
0.0153308
0.0164113
0.00977292
0.00897894
0.0077201
0.00858192
0.00809441
0.000703886
0.00925233
0.00813983
0.0188962
0.00784552
0.00789486
0.00762793
0.00766246
0.151928
0.00816308
0.0608103
0.00906057
0.00861127
0.0175554
0.00829916
0.00917802
0.00814832
0.00739705
0.00903814
0.00969783
0.00765208
0.00755916
0.0117937
0.00772434
0.0109422
0.00779443
0.00819774
0.00858761
0.00805771
0.00932336
0.00806077
0.00733798
0.00750443
0.10997
0.00755793
2.42184e-05
0.00991185
0.0115277
0.00842222
0.0107348
0.00735888
0.016048
0.0215763
0.00821222
0.00914455
0.00920692
0.00770282
0.00768896
0.00837699
0.0159113
0.00771495
0.00923805
0.0623503
0.00750912
0.0240863
0.138998
0.0366487
0.00820562
0.00765419
0.0133062
0.022448
0.00949517
0.00802753
0.00853957
0.00762362
0.00865488
0.00736321
0.0144026
0.00896858
0.00742071
0.00897547
0.00556979
0.00932839
0.00783689
0.00734798
0.00854676
0.00962952
0.0355123
0.0105203
0.00924638
0.00738944
0.00934415
0.0111168
0.00890942
0.00906996
0.00742361
0.00985052
0.00968573
0.00748735
0.00881532
0.00767512
0.00778371
0.00984819
0.00754258
0.00745175
0.00797717
0.00851171
0.00773804
0.00778055
0.00971772
0.0107012
0.00908274
0.00787374
0.00840836
0.00734697
0.00747286
0.0551168
0.00756216
0.00774886
0.00873329
0.00816564
0.0175925
0.00985995
0.0231175
0.00826449
0.0770964
0.016282
0.00853853
0.00744567
0.00854285
0.00760278
0.00856895
0.00901107
0.00809475
0.0077817
0.00779739
0.00754597
0.00438193
0.00764771
0.00791874
0.00800752
0.0275273
0.00815525
0.00859251
0.00755478
0.00831707
0.00945963
0.00944396
0.008141
0.00943058
0.0278766
0.00879908
0.00869411
0.0076
0.00839382
0.00731356
0.007343
0.0285052
0.00969866
0.00926025
0.00918475
0.00734968
0.104174
0.00733146
0.00866212
0.00739142
0.00731742
0.0774496
0.0159926
0.00828545
0.00807461
0.0153474
0.00365068
0.00849065
0.0112653
0.0140355
0.0251864
0.00741561
0.0163009
0.0085678
0.0178798
0.00772493
0.00822031
0.0107723
0.00989123
0.00774976
0.00751915
0.00889444
0.00825024
0.00850736
0.00774477
0.00769908
0.0168999
0.00868371
0.00792703
0.00798194
0.00732086
0.00741954
0.0181361
0.00804368
0.0309405
0.00779588
0.00813307
0.00751582
0.009646
0.0272051
0.00776581
0.00795072
0.00965569
0.0179881
0.011667
0.00796529
0.00841147
0.00742956
0.0107639
0.00754661
0.009632
0.00800561
0.00767958
0.00861716
0.00927455
0.00759336
0.00772093
0.00737348
0.0214328
0.00267706
0.00764038
0.00828005
0.0081305
0.00794205
0.0080996
0.00760063
0.00769605
0.0163137
0.00776278
0.025162
0.00805028
0.00757974
0.00896406
0.00883802
0.0077215
0.024741
0.00754522
0.00931863
0.00784557
0.00783322
0.00895906
0.00829627
0.0414213
0.0179683
0.00846626
0.00818208
0.00756665
0.00842387
0.00940501
0.00770035
0.00773327
0.00853424
0.00954253
0.0076494
0.0190924
0.00798248
0.00833701
0.00836461
0.0080669
0.00818179
0.00978552
0.00835525
0.00931358
0.00192493
0.00742635
0.00998756
0.00811934
0.0105941
0.00928539
0.00754081
0.0157932
0.00738466
0.0206991
0.00748048
0.0077231
0.00773618
0.0489999
0.0199579
0.00744299
0.00771514
0.0145044
0.0299002
0.00811073
0.00821759
0.00805126
0.0088853
0.00738452
0.00771582
0.00793006
0.00917742
0.00799576
0.0075675
0.00785943
0.00758043
0.00932743
0.00825657
0.0112221
0.0090434
0.00802865
0.00920648
0.00858704
0.00835261
0.00864419
0.00785604
0.00738468
0.00771182
0.0155869
0.0730781
0.00745543
0.00765538
0.007404
0.00743356
0.00390521
0.00787986
0.00893878
0.00731226
0.0227743
0.00775514
0.0066946
0.00821232
0.00734845
0.00745525
0.00891145
0.00874377
0.0155745
0.00627234
0.00769591
0.00816338
0.00772363
0.00873099
0.00831201
0.013813
0.00753645
0.00818973
0.0543178
0.00761162
0.00748591
0.010947
0.00835116
0.018292
0.00837229
0.00464995
0.0093038
0.053241
0.00742796
0.0080137
0.00765276
0.0100151
0.0903577
0.00777239
0.00952006
0.00956097
0.00991537
0.00790613
0.124867
0.00887989
0.0978793
0.0093123
0.00834874
0.0084848
0.0226787
0.00898124
0.00747476
0.0086774
0.00783323
0.00901464
0.0142471
0.00886458
0.0082443
0.00936841
0.00980275
0.00804263
0.00916421
0.00733485
0.00751646
0.00834785
0.0239601
0.00787064
0.00801826
0.00889701
0.00755593
0.00950999
0.00773279
0.00847846
0.00872682
0.00971464
0.00848393
0.00773765
0.00872073
0.00833981
0.0063446
0.00947793
0.00144389
0.00765973
0.00853937
0.00781614
0.00810068
0.00565023
0.0354971
0.00823578
0.0188953
0.00807364
0.00804449
0.00764156
0.0368743
0.0236985
0.00992664
0.007709
0.00908776
0.00765501
0.00848035
0.0073796
0.00731707
0.00740432
0.00768255
0.00935754
0.007932
0.0295392
0.00754453
0.0100708
0.00901572
0.00911725
0.00777827
0.00731721
0.00731389
0.00872379
0.0103093
0.0101033
0.00758584
0.00783305
0.00748855
0.0075472
0.00818953
0.00808114
0.00959608
0.0112676
0.0179354
0.00943322
0.00740192
0.00187802
0.0338815
0.000773014
0.00833106
0.00803608
0.0089281
0.00590307
0.00689664
0.0313465
0.0224013
0.00776516
0.00812053
0.0100554
0.0085502
0.0100703
0.00793659
0.02912
0.00742191
0.00873769
0.016475
0.00958535
0.00379346
0.00952375
0.00794325
0.00762956
0.0083004
0.00793205
0.0133125
0.00775683
0.0218293
0.0108085
0.00896699
0.00782869
0.00976885
0.00850448
0.00733455
0.0055317
0.0109909
0.00740725
0.0075724
0.00782566
0.00836267
0.00755663
0.0139891
0.00910941
0.0078627
0.00785436
0.00786871
0.00791514
0.00938572
0.00925519
0.00757779
0.00828111
0.0144516
0.0172391
0.00834333
0.00862888
0.00841206
0.00400929
0.00855986
0.00155036
0.0108121
0.00848278
0.00825373
0.00884387
0.00903238
0.00869205
0.00743164
0.00496353
0.00821114
0.00929108
0.00533675
0.0110227
0.00781109
0.00789423
0.008568
0.00814032
0.00770836
0.00926633
0.00792666
0.00399948
0.00759866
0.0262548
0.0105171
0.00743102
0.00915849
0.0075543
0.0102032
0.00737325
0.00858042
0.00833073
0.00850015
0.00779906
0.0273411
0.00817705
0.00632999
0.00745478
0.0155874
0.00809557
0.00793346
0.00879661
0.00779816
0.007386
0.00780785
0.00772573
0.00708823
0.00808013
0.00789775
0.0073203
0.148653
0.00772222
0.000342532
0.0076257
0.00745095
0.00771566
0.00737638
0.0396398
0.0120643
0.00887879
0.00736214
0.00820788
0.00736426
0.00791693
0.00626357
0.0109633
0.00796743
0.00761805
0.00745882
0.00883405
0.00783281
0.0073829
0.00837043
0.0006537
0.00798263
0.00763348
0.00777569
0.0104378
0.0100603
0.0190855
0.00960606
0.00867812
0.00745772
0.00850269
0.00784214
0.00751164
0.00848578
0.00771428
0.00794222
0.00780873
0.00976188
0.0200455
0.00837202
0.00935263
0.00797965
0.00739677
0.00805628
0.0377052
0.0103598
0.00896991
0.00788578
0.00596186
0.0073411
0.0584214
0.00767574
0.00891249
0.0113275
0.00771376
0.00773697
0.00880015
0.00739294
0.00922139
0.00863903
0.0106501
0.00775824
0.00753818
0.0073242
0.00757976
0.00808937
0.00855864
0.007477
0.0100956
0.00749513
0.00743746
0.0167045
0.00942826
0.00775066
0.00762741
0.00833352
0.00777568
0.00758949
0.00758494
0.00929759
0.000746196
0.00801147
0.00851669
0.00589756
0.00896993
0.00781683
0.00742091
0.00963397
0.0091091
0.00792301
0.00807081
0.00758973
0.00937404
0.00741895
0.00793496
0.00871366
0.00749454
0.00760443
0.0076761
0.00849384
0.00833891
0.00749279
0.0076315
0.00870745
0.0086649
0.00749433
0.00809789
0.00789132
0.0110147
0.0100201
0.00803982
0.0148445
0.00736661
0.00808961
0.00773221
0.00748085
0.0270102
0.00803591
0.010094
0.00750775
0.00788052
3.11981e-05
0.00868819
0.00801643
0.00748849
0.0074774
0.0074017
0.00876852
0.00764862
0.00780141
0.0654892
0.00898531
0.00781822
0.00958875
0.0101164
0.0108254
0.00849832
0.00783831
0.0079308
0.0075408
0.00745567
0.00757294
0.00792592
0.00656745
0.00786876
0.000149375
0.00888758
0.00799835
0.0179243
0.00788802
0.0115475
0.00849092
0.00735872
0.00765629
0.00748951
0.00810476
0.0161791
0.00906504
0.00816586
0.00748975
0.0104506
0.0127283
0.00806326
0.00834346
0.00914925
0.00787657
0.0166132
0.00815147
0.00804012
0.000708702
0.00734398
0.00932438
0.00779423
0.00998099
0.00793075
0.00801754
0.00750709
0.00879484
0.00794667
0.0075022
0.145005
0.00837058
0.00961328
0.00741036
0.00789272
0.00815263
0.07667
0.00738288
0.00841909
0.00732847
0.0085642
0.00891294
0.00750001
0.00959351
0.00139098
0.00833462
0.00806522
0.00732697
0.00913336
0.0236373
0.0372618
0.0168477
0.00758222
0.0073419
0.00779014
0.0173244
0.0074169
0.0249491
0.00854981
0.00900575
0.00843731
0.00592653
0.00274156
0.0101691
0.00860848
0.00807359
0.0191301
0.00851446
0.00766611
0.00739165
0.0165209
0.0159649
0.00258544
0.00735445
0.00843757
0.00411517
0.00895979
0.00787232
0.00786723
0.00799622
0.00797438
0.00833764
0.00767553
0.00825316
0.00743788
0.00810276
0.00751275
0.0163664
0.0094475
0.0082451
0.00775849
0.0711133
0.00875585
0.00766001
0.00731838
0.00738077
0.00739412
0.00924607
0.00738099
0.00971578
0.00176452
0.00748351
0.0348371
0.00883624
0.00857249
0.0151331
0.00769456
0.00870337
0.0103733
0.0155469
0.0149945
0.00745538
0.00739321
0.00860548
0.00756684
0.00743608
0.0209386
0.00771194
0.00787886
0.0305546
0.0502564
0.00869232
0.00795236
0.00754264
0.0171421
0.00778424
0.00810308
0.00979807
0.0103486
0.00828041
0.217195
0.00901867
0.00815893
0.0140893
0.00835955
0.00765299
0.00823428
0.00744685
0.00755521
0.00370007
0.00844902
0.00816362
0.00781741
0.00870492
0.00847884
0.00800695
0.00786413
0.00742636
0.0084153
0.00749955
0.00778263
0.00757669
0.00763149
0.0147535
0.0102032
0.0166992
0.0102313
0.0076409
0.00765786
0.00745783
0.0231038
0.00835895
0.00772477
0.0029024
0.00815629
0.00778843
0.00799833
0.00846845
0.0377109
0.00772727
0.0174227
0.00772327
0.00790234
0.00736738
0.0102504
0.00784075
0.00738288
0.00739795
0.00834944
0.0184774
0.00144744
0.00907691
0.008481
0.0088781
0.00782502
0.00869234
0.0100021
0.00747783
0.0191199
0.00928812
0.00735821
0.0092923
0.00742061
0.00736074
0.00833518
0.00500535
0.007753
0.00764975
0.00800531
0.00872525
0.00928746
0.00952362
0.00806478
0.00747577
0.0175075
0.00994698
0.00822417
0.0198689
0.00781103
0.00957101
0.00741503
0.0098994
0.00802712
0.0085747
0.00836102
0.00755941
0.0112397
0.00842424
0.00837943
0.0195809
0.00736317
0.00805163
0.0112352
0.00791189
0.00864139
0.0100888
0.00740454
0.00732814
0.00827306
0.00754503
0.00735724
0.00742252
0.0107158
0.00921034
0.00961139
0.00831097
0.00748151
0.00759743
0.00686386
0.00761397
0.0108282
0.00745739
0.00892712
0.00915477
0.0251865
0.00752074
0.00752947
0.00834811
0.00824465
0.00935112
0.00860695
0.0233951
0.00851688
0.00860616
0.00752328
0.00736275
0.00844282
0.0073165
0.023048
0.00753515
0.00811065
0.00744125
0.00814568
0.00885505
0.00979073
0.00854208
0.00749084
0.00762732
0.00788684
0.00856335
0.00865047
0.00768949
0.00554701
0.0193294
0.00193048
0.00856725
0.00783864
0.00743671
0.00890226
0.00746149
0.00880953
0.00814254
0.00787682
0.00804225
0.00878191
0.00731843
0.00848935
0.00800944
0.0135381
0.00820929
0.00857027
0.0104148
0.00742719
0.0160749
0.00828768
0.00771134
0.010706
0.00801009
0.0215322
0.00951893
0.0111861
0.00936072
0.00745283
0.00739867
0.00893679
0.00740799
0.00824504
0.00805384
0.00764141
0.00771308
0.0326848
0.0106326
0.00806286
0.00738373
0.00832965
0.0076319
0.00947106
0.0144868
0.106954
0.00964168
0.00737006
0.00915635
0.00874034
0.00288601
0.00754183
0.00975848
0.00859867
0.00752206
0.00769226
0.00841632
0.00764553
0.00739807
0.00885998
0.00938338
0.0280371
0.00770098
0.00781452
0.00925241
0.00844828
0.00762208
0.0162033
0.00763418
0.00911206
0.00731467
0.00944027
0.00785769
0.00738554
0.0100143
0.0101152
0.00964184
0.00741188
0.0149127
0.0101798
0.00762714
0.00784606
0.00935127
0.00789424
0.00922216
0.00876459
0.00874387
0.00797119
0.0102857
0.00781234
0.00812721
0.00833595
0.0108344
0.0142775
0.00808365
0.00853417
0.00794429
0.00896818
0.0146973
0.00741339
0.0073803
0.00786134
0.00766499
0.0073455
0.00500773
0.00759582
0.00852956
0.00598485
0.00855912
0.00783053
0.0530727
0.0102526
0.00345671
0.00999893
0.00887055
0.00733579
0.0106964
0.0195595
0.000195953
0.00825526
0.00754283
0.00765517
0.00731191
0.00787352
0.00753085
0.00754313
0.0103148
0.00732342
0.00999183
0.0137631
0.00819307
0.00974797
0.00129642
0.0440558
0.00771908
0.00770723
0.0080402
0.00658045
0.00805887
0.00874977
0.00803083
0.00741513
0.0074135
0.00756774
0.00980079
0.00795943
0.00760629
0.00786826
0.00971795
0.00795255
0.00792063
0.0115258
0.00789844
0.0075467
0.00801343
0.00802501
0.054188
0.00746304
0.00814246
0.00735267
0.00784417
0.00880195
0.0107861
0.0193099
0.00757239
0.0077165
0.0154051
0.00797651
0.00755871
0.00780769
0.00805898
0.00888212
0.00756718
0.00770072
0.00766624
0.00853988
0.00768836
0.0295766
0.00546784
0.00824516
0.00771268
0.008342
0.00933892
0.00855709
0.00738937
0.00766338
0.00756534
0.00953753
0.00752005
0.00778244
0.0095038
0.00587115
0.00749948
0.00780826
0.0077848
0.00913434
0.0207547
0.00769941
0.00973725
0.00820075
0.00849181
0.00734196
0.00905898
0.00754683
0.00819909
0.00794651
0.00736245
0.00740141
0.0211118
0.0918075
0.00797686
0.0089948
0.00777115
0.00791265
0.00743069
0.00891134
0.00743927
0.0575475
0.0162582
0.00893615
0.00821105
0.00879583
0.00855879
0.00782539
0.00732263
0.00963056
0.00789586
0.0274673
0.00941188
0.0078485
0.00394431
0.0107019
0.00788671
0.00820945
0.00567495
0.00879571
0.00810971
0.00901751
0.00825747
0.00759396
0.00982334
0.00842737
0.00781795
0.00749998
0.00740952
0.00745242
0.00743739
0.00668272
0.00776068
0.0080405
0.00791046
0.00779732
0.00976831
0.00750206
0.00626078
0.0104042
0.016436
0.00824976
0.0080091
0.0132347
0.00979041
0.00739152
0.00853185
0.00855818
0.00828317
0.0197542
0.00900642
0.00849923
0.0075512
0.00835811
0.00747304
0.00832468
0.00739553
0.0329241
0.00859962
0.00748894
0.00770713
0.00776404
0.00798422
0.0304977
0.0110233
0.00760272
0.00765004
0.00756312
0.00978486
0.00825487
0.00778689
0.00981381
0.0124358
0.00943583
0.00738338
0.00773152
0.00902225
0.00799793
0.00739474
0.00743057
0.00819602
0.00821313
0.00753579
0.00747539
0.0165042
0.0088021
0.00212514
0.00750987
0.00772495
0.0083877
0.00953387
0.0082389
0.000238295
0.0507417
0.00938183
0.0103057
0.00888889
0.00865265
0.0076781
0.0076751
0.00987367
0.00732574
0.0112313
0.00807352
0.0040096
0.00815566
0.007933
0.00809521
0.00908335
0.0533918
0.0082088
0.00970409
0.00801257
0.00775227
0.0083241
0.00795517
0.00914677
0.00998333
0.00969514
0.00826244
0.00365592
0.00785327
0.00953606
0.0098997
0.00774616
0.00834374
0.00787716
0.00834474
0.00734217
0.00737489
0.0103126
0.00740973
0.0078401
0.00879909
0.0086825
0.00764679
0.00855314
0.00965053
0.00793704
0.00790287
0.0149835
0.00756208
0.00733264
0.00775798
0.0117123
0.0111854
0.00767333
0.0111806
0.0104901
0.010015
0.0176628
0.00867239
0.00786767
0.00800799
0.00994181
0.00751642
0.00753453
0.00829901
0.00937775
0.0092877
0.00828337
0.00757451
0.00880793
0.00735843
0.0381797
0.00732596
0.00932412
0.00852576
0.00801111
0.00885741
0.0080239
0.00848574
0.00781948
0.00819287
0.00820104
0.007479
0.00889151
0.0220256
0.00796035
0.00816317
0.00438331
0.00753644
0.00808405
0.00810339
0.00851003
0.0112524
0.00942169
0.00776519
0.00221047
0.192415
0.00818542
0.00756784
0.00813028
0.00785363
0.00940139
0.00740426
0.00871132
0.00806529
0.00779721
0.0076492
0.0144554
0.0076143
0.00870805
0.00805939
0.0145994
0.00815857
0.00740426
0.00804884
0.00756701
0.0171504
0.0140249
0.0075845
0.00936762
0.0302042
0.0077427
0.0106119
0.00737275
0.00773632
0.007338
0.000602291
0.00741707
0.00811538
0.00805015
0.00775225
0.00783093
0.0111776
0.017012
0.00781175
0.00766922
0.00969448
0.00921601
0.00732351
0.00418846
0.00811455
0.00777134
0.00874359
0.00825075
0.00856522
0.00753593
0.00963477
0.00753527
0.00948023
0.00863698
0.00733435
0.0161262
0.00739284
0.00864567
0.0171838
0.0083449
0.00860125
0.00865369
0.00742074
0.00839118
0.0107182
0.0301723
0.0151368
0.0160444
0.0079221
0.0089277
0.00844144
0.00755942
0.00804836
0.0255806
0.00745357
0.0149203
0.00751209
0.00757779
0.00829438
0.00823064
0.00821483
0.00819937
0.0109251
0.00767455
0.00746538
0.00779465
0.00758213
0.00778034
0.022597
0.00845388
0.00772608
0.00842242
0.0119676
0.00900008
0.0442118
0.0156477
0.0386284
0.00738411
0.0100735
0.0239304
0.00737257
0.00769998
0.0080844
0.00746394
0.0228222
0.00772775
0.00965237
0.0167903
0.00800974
0.00886149
0.00898337
0.00843853
0.207767
0.00761833
0.00974869
0.00768039
0.00784684
0.00785423
0.00750805
0.0315976
0.00777222
0.00933222
0.00772177
0.00790181
0.00847368
0.0078619
0.00318627
0.00754126
0.00936622
0.000610068
0.00917147
0.00759345
0.00855933
0.0087791
0.0079193
0.00791637
0.0080566
0.00951837
0.00323729
0.0233336
0.00985447
0.00973313
0.0073727
0.00908352
0.00770635
0.00768
0.00903031
0.0110984
0.00910858
0.0081008
0.0142445
0.0100103
0.00777468
0.0073499
0.007897
0.00173687
0.00797281
0.00819939
0.0114236
0.00804882
0.0402946
0.00804939
0.00941913
0.00750183
0.00885495
0.00807535
0.00811578
0.00821429
0.0150904
0.0145894
0.0165133
0.00834981
0.0431731
0.00736048
0.0153047
0.00759242
0.010359
0.00756642
0.0100971
0.00741539
0.00804612
0.00955157
0.00185858
0.00824066
0.0073721
0.00808354
0.0083315
0.00757616
0.00746779
0.00814952
0.00767843
0.00870796
0.008072
0.0104767
0.00789226
0.00829032
0.00736533
0.00757852
0.00731879
0.00789279
0.00787372
0.00951753
0.00904527
0.00894492
0.00850302
0.00737084
0.00786772
0.00743758
0.00893022
0.00821351
0.00802458
0.00955097
0.0205864
0.00882207
0.0181115
0.00846458
0.00848353
0.007676
0.00865112
0.00762931
0.00733417
0.0934734
0.00902565
0.00816009
0.00789801
0.00745954
0.00788329
0.00791767
0.00771473
0.00792862
0.0073141
0.0316547
0.040075
0.00767532
0.00759045
0.0365213
0.0154592
0.00794834
0.00761516
0.0076147
0.00821676
0.00858259
0.0108441
0.0101063
0.00866974
0.00964333
0.00767965
0.00879305
0.000448878
0.00648859
0.0155881
0.00909689
0.00750569
0.00792048
0.00737531
0.00901895
0.00734734
0.00918968
0.00911086
0.00748233
0.00802101
0.00795578
0.00949583
0.00744
0.00262934
0.00747224
0.00761152
0.00998718
0.00738846
0.00889395
0.0073567
0.000623678
0.0129785
0.0183914
0.0153278
0.0929606
0.00811746
0.0102198
0.00146501
0.0415861
0.00844391
0.00840359
0.00229209
0.0160771
0.00769724
0.00832836
0.00760021
0.00813782
0.0105457
0.00756018
0.00875529
0.0093799
0.0167396
0.0107634
0.00744985
0.00764086
0.00907919
0.00906366
0.010605
0.0080462
0.00759604
0.00739785
0.00806884
0.00914191
0.00844636
0.00809576
0.00786325
0.00523896
0.0148697
0.0075132
0.00775917
0.00891502
0.00744515
0.003904
0.0079544
0.00781941
0.00819353
0.00756112
0.00781514
0.00964005
0.00760373
0.00733184
0.0191751
0.00819551
0.023153
0.00774713
0.00843111
0.00760724
0.00802954
0.0416487
0.0659683
0.00758997
0.00770512
0.0722335
0.00229342
0.0105603
0.00893205
0.00740746
0.00884073
0.0088005
0.0180821
0.00793362
0.00855781
0.00869103
0.00968829
0.00914684
0.0916899
0.014724
0.0076851
0.00936874
0.00756705
0.00753912
0.0110095
0.00749386
0.00860237
0.00744954
0.00758322
0.00748895
0.0146035
0.00925519
0.00749354
0.00753512
0.00781741
0.0141423
0.00747669
0.0104411
0.00915893
0.00824985
0.00756142
0.00780182
0.0085684
0.00731051
0.00831014
0.0078563
0.00953058
0.00749461
0.0362704
0.0177236
0.00798536
0.0103357
0.00935712
0.00803237
0.00830832
0.00914592
0.00854451
0.00816735
0.00753751
0.00734727
0.00743461
0.00751756
0.00989214
0.00875743
0.00823445
0.00739048
0.00836188
0.0267973
0.00784191
0.00944336
0.0356989
0.00837555
0.166031
0.00863824
0.00797823
0.0078019
0.00895148
0.0194899
0.00752607
0.00838333
0.00759091
0.0172546
0.00744522
0.00773771
0.00771408
0.00783663
0.00804515
0.00745132
0.007582
0.00731757
0.0078609
0.00792665
0.00758641
0.00820059
0.0064254
0.00894579
0.0193043
0.00893387
0.00839079
0.0285581
0.0201742
0.00744828
0.00752029
0.00801112
0.00880228
0.0073911
0.00793285
0.00947517
0.00860606
0.00745625
0.0771813
0.00779432
0.010576
0.0262796
0.00809399
0.00923995
0.00292209
0.00855794
0.0102549
0.00824797
0.00845381
0.00975403
0.00878227
0.00732593
0.00754136
0.0108058
0.00864091
0.0103244
0.00764818
0.00923431
0.00759696
0.00371978
0.00730747
0.0074116
0.0107327
0.00768335
0.0279973
0.00830693
0.00865518
0.0113142
0.00826038
0.0150858
0.009352
0.00788497
0.00807017
0.00740734
0.00795807
0.0101701
0.00812993
0.0101224
0.0402995
0.00333983
0.00731563
0.0146681
0.00781403
0.00732848
0.00755585
0.00821589
0.00999342
0.0110724
0.00843965
0.00834331
0.00868583
0.00875642
0.00309297
0.0078792
0.00845032
0.0143826
0.00791318
0.00744813
0.00784051
0.00920094
0.0217604
0.0074871
0.00751395
0.00880677
0.00861878
0.0417139
0.00660482
0.0186761
0.00745066
0.00834539
0.0326642
0.0076269
0.00933791
0.181587
0.00856955
0.00801676
0.00826153
0.00805096
0.0079628
0.00848608
0.0077977
0.00830773
0.00953474
0.00756737
0.00901815
0.0076247
0.00934928
0.00763669
0.0205521
0.00837801
0.00310415
0.0187382
0.0101099
0.00867036
0.00731608
0.00995269
0.007781
0.00781881
0.00845742
0.00767986
0.0013613
0.0166403
0.00915527
0.00773598
0.0168342
0.000703223
0.00827713
0.0284174
0.0239326
0.00749498
0.00754929
0.00769692
0.00752603
0.00117379
0.0242107
0.00752781
0.00732285
0.00812015
0.0073272
0.00812791
0.0220897
0.0474613
0.00406558
0.0188699
0.00840772
0.0109241
0.00733232
0.00276837
0.0082863
0.00796889
0.0077535
0.0082647
0.00767061
0.00962247
0.00803526
0.00828289
0.00776754
0.00744016
0.00794129
0.00940107
0.146138
0.00877542
0.00749387
0.0191052
0.0109026
0.00782474
0.010323
0.00863925
0.00893487
0.00771695
0.00898884
0.0567286
0.00878579
0.00761403
0.00907177
0.00893788
0.020365
0.0421148
0.00745441
0.00956536
0.00568111
0.0154773
0.00826094
0.00744554
0.0172704
0.0073147
0.00733071
0.00900552
0.00739815
0.0067238
0.0112612
0.0106062
0.00804359
0.0225006
0.00767106
0.00782719
0.0073582
0.00755864
0.00803063
0.00958191
0.030703
0.00764964
0.00822065
0.00768753
0.00768631
0.00857257
0.00725623
0.007946
0.00812637
0.00891817
0.00968035
0.00747829
0.00808994
0.00959647
0.101239
0.0110304
0.00790409
0.00748001
0.00835874
0.00917582
0.00842306
0.00838002
0.00854835
0.00784847
0.0176883
0.00807893
0.00894895
0.0116499
0.00873027
0.058946
0.0084785
0.0077306
0.00870543
0.251954
0.0231185
0.00824808
0.00757311
0.00851988
0.00770778
0.00813666
0.0111093
0.00752783
0.0075196
0.00834071
0.00810191
7.72516e-05
0.0165887
0.0113166
0.0187605
0.00741603
0.00914491
0.00270265
0.00845272
0.00740602
0.00792493
0.00760801
0.0096933
0.00875444
0.00654709
0.00807369
0.00938751
0.0082267
0.00732543
0.00845448
0.00805551
0.0109933
0.0105915
0.0083835
0.0300646
0.0144405
0.00750533
0.00800203
0.00733254
0.00780232
0.080145
0.0230283
0.00737833
0.00818127
0.00887866
0.0108639
0.00938113
0.00907564
0.00838237
0.00872876
0.00858886
0.0083222
0.00781542
0.00827009
0.00993404
0.00852363
0.00869861
0.0151302
0.00810576
0.00764927
0.276681
0.00917404
0.00933213
0.00866391
0.00938802
0.00236739
0.00833252
0.00749289
0.00752892
0.00169237
0.00939423
0.00261698
0.0193502
0.00884663
0.0273317
0.0249437
0.00748512
0.00850781
0.00792897
0.00749536
0.00808367
0.007588
0.0123972
0.00748127
0.00752535
0.00745393
0.0102356
0.00813803
0.00891079
0.00780948
0.00733053
0.00863596
0.00797747
0.00893126
0.0096711
0.00864217
0.00968459
0.00841601
0.00750124
0.025142
0.00824613
0.00792133
0.00834067
0.00751267
0.00746959
0.0220501
0.00751922
0.0351682
0.00203804
0.00772785
0.00829241
0.0106341
0.00850759
0.00802542
0.0105419
0.00957077
0.00320751
0.00812969
0.00811489
0.00866962
0.0103681
0.00740858
0.0902819
0.00759992
0.00799412
0.00754422
0.00978188
0.00744377
0.0094014
0.00831586
0.00379365
0.0166345
0.00731353
0.00941387
0.00253402
0.00792104
0.0107879
0.00779079
0.0105694
0.00954615
0.00741698
0.044062
0.00737157
0.0109299
0.00788474
0.00751831
0.0392551
0.0194738
0.00798265
0.00749842
0.0195057
0.0104454
0.0357449
0.00800761
0.0054546
0.00733897
0.0216962
0.0307957
0.00772201
0.00805962
0.00843759
0.00738472
0.00860306
0.00864601
0.0074166
0.00730861
0.0376095
0.00845669
0.0118744
0.00796472
0.00926571
0.00918857
0.00973807
0.00958725
0.0305072
0.00746854
0.00731799
0.0077312
0.00733934
0.0106445
0.00829248
0.00138932
0.00748648
0.0351558
0.00823752
0.00752341
0.00105137
0.00794739
0.00976408
0.00863826
0.00731964
0.00970113
0.00751319
0.00734952
0.0576048
0.00807736
0.0056443
0.00837257
0.00778911
0.0086631
0.0101282
0.0210337
0.00800582
0.00757286
0.00773222
0.00877443
0.0085041
0.00920214
0.00786057
0.123493
0.00795628
0.00751641
0.00854821
0.00897144
0.0085066
0.00739781
0.0078123
0.00738645
0.0138859
0.00756884
0.00814981
0.0119281
0.00733482
0.00953701
0.0079065
0.00784007
0.00928201
0.0110181
0.020967
0.0109169
0.00832207
0.0073126
0.00827022
0.00756783
0.00755207
0.0201479
0.00801709
0.0106193
0.0173306
0.00833642
0.0347121
0.00732147
0.0074928
0.00932001
0.00755893
0.00950107
0.00853494
0.00440432
0.00767615
0.0093096
0.00834487
0.00748302
0.0024093
0.00845761
0.00860808
0.00869527
0.00855367
0.245528
0.00880803
0.000366506
0.00739933
0.00804095
0.00754792
0.0201679
0.00814892
0.00810985
0.00843618
0.00780653
0.00850213
0.00880221
0.00885003
0.0115538
0.00844234
0.00756315
0.00732058
0.0075472
0.0055958
0.00955348
0.00786994
0.00733223
0.00953351
0.00807821
0.0588614
0.00830976
0.00763421
0.00949447
0.0353661
0.00843236
0.00787307
0.0357488
0.00782926
0.00766666
0.0085677
0.0077762
0.0087593
0.00410087
0.045834
0.00846072
0.0198304
0.112374
0.00760935
0.00776168
0.00960162
0.00880356
0.00840125
0.00984008
0.011449
0.0149983
0.00878772
0.009852
0.00743692
0.00734498
0.0087698
0.00746253
0.0107164
0.00930304
0.00837126
0.00750997
0.00937405
0.00772518
0.00853276
0.0113079
0.00812573
0.00819152
0.00945925
0.00849746
0.00760394
0.00762376
0.00837335
0.00855061
0.00815865
0.00773428
0.0508575
0.0166153
0.00730889
0.00747679
0.00569639
0.0152651
0.0142291
0.00765441
0.00720618
0.00746969
0.00959872
0.0145098
0.00790758
0.013985
0.00762314
0.0074289
0.00738976
0.00831913
0.00492454
0.00810144
0.00825215
0.00819467
0.00786763
0.00744368
0.0591499
0.00810391
0.00738358
0.00949337
0.00746476
0.00812724
0.00769875
0.00744054
0.00816388
0.00826029
0.00827557
0.00657874
0.00832181
0.00889747
0.00779354
0.00742212
0.00731079
0.0176975
0.027645
0.00752242
0.00905623
0.00851499
0.00769813
0.00899142
0.0153046
0.00737185
0.00851702
0.00758915
0.00769628
0.00860832
0.00825799
0.0086293
0.00759081
0.00734556
0.00888782
0.007713
0.00926746
0.00793442
0.00904212
0.00961734
0.00838816
0.00782498
0.00780555
0.00969373
0.00878623
0.0103322
0.00779974
0.00808124
0.00806325
0.00730844
0.00830889
0.00808414
0.00751724
0.00746961
0.00755744
0.00851049
0.00780748
0.0180195
0.00841917
0.00764986
0.00882609
0.00771321
0.00798057
0.00954223
0.0107331
0.00852163
0.00733416
0.00603717
0.00772411
0.00936841
0.0104044
0.00732831
0.00734666
0.00743642
0.109072
0.00865703
0.00799134
0.00931516
0.00762582
0.00896338
0.0082829
0.00811346
0.00773949
0.0304372
0.0202791
0.0232742
0.0105525
0.00821357
0.00871422
0.0083342
0.00805586
0.00758822
0.00813658
0.00841644
0.00886421
0.00821942
0.00948159
0.00983546
0.00109958
0.00588614
0.00781635
0.00788142
0.0074415
0.0305108
0.0688412
0.00803203
0.00737446
0.0080028
0.00747543
0.0110136
0.00864317
0.0105653
0.00805781
0.00793118
0.00793885
0.00844887
0.0074264
0.0110312
0.00803776
0.0102427
0.0101705
0.00745219
0.00745283
0.00794111
0.00785492
0.00750091
0.00794179
0.0167497
0.00782453
0.00876137
0.00791702
0.00995667
0.00763805
0.00861157
0.0092826
0.0216552
0.0158103
0.00744398
0.0229594
0.0103571
0.0663824
0.00827133
0.0917248
0.00742638
0.00878999
0.00282943
0.00814439
0.00732315
0.00844977
0.0107202
0.00799839
0.00911904
0.00819272
0.00827215
0.00899013
0.00732022
0.00791205
0.00778269
0.00775871
0.00828789
0.00769353
0.00831843
0.0183032
0.0160568
0.00787859
0.00742991
0.00758897
0.00838124
0.00779367
0.0109803
0.00881391
0.00786749
0.00724441
0.00743885
0.00859334
0.0107876
0.00766432
0.00883143
0.00868195
0.00748698
0.00772028
0.0110162
0.00881364
0.0077697
0.0100553
0.00781168
0.00826605
0.00797356
0.00986258
0.0623518
0.00902526
0.00829519
0.00858763
0.00788408
0.00949194
0.00970869
0.00806251
0.00912411
0.00737537
0.0075367
0.00737408
0.00822693
0.0275696
0.00916329
0.0103983
0.00817514
0.0142599
0.00747693
0.00784943
0.0197925
0.00916021
0.00737222
0.00799987
0.00767729
0.0196683
0.00758663
0.00826268
0.0105367
0.00793895
0.00756822
0.00731208
0.0305873
0.00908942
0.00856357
0.00747834
0.00861829
0.00965393
0.0255671
0.0160923
0.00191259
0.00781867
0.0227447
0.00732056
0.0077699
0.00962864
0.0101063
0.00804921
0.0154692
0.00822728
0.00735603
0.0081961
0.0434976
0.00765653
0.00869647
0.00878586
0.00784996
0.00852754
0.00859822
0.00829726
0.00841716
0.038029
0.0657886
0.00752559
0.0079728
0.00883697
0.00911796
0.021229
0.00811438
0.00757929
0.00753045
0.00978687
0.00743029
0.00733682
0.00775421
0.00742387
0.00960424
0.00814122
0.00842083
0.00780106
0.00842933
0.00858122
0.0139117
0.00809277
0.0105344
0.00805202
0.0374974
0.00382681
0.00812153
0.00767127
0.00762707
0.00849547
0.00782803
0.00775252
0.00843777
0.00952552
0.00936617
0.00746629
0.00737729
0.0080241
0.0173071
0.00747047
0.00732137
0.0081901
0.0205602
0.00783205
0.007594
0.00689797
0.00754158
0.00807429
0.00773797
0.00801755
0.00781828
0.00846219
0.00908832
0.00808133
0.00749786
0.0175427
0.00863698
0.00763656
0.00737747
0.00885985
0.0181178
0.00734226
0.00838887
0.00768034
0.00782074
0.00836225
0.01036
0.0091789
0.008247
0.00812077
0.0363279
0.00941578
0.00922312
0.00738433
0.0286492
0.00834734
0.00738918
0.00789532
0.00823476
0.00826223
0.00835317
0.00797222
0.00805068
0.00967112
0.0113909
0.00844895
0.00852525
0.00821496
0.00806273
0.00818379
0.00885855
0.00982569
0.00755803
0.0080109
0.0321271
0.00757288
0.00988608
0.00803644
0.0077772
0.00753894
0.0100759
0.00746433
0.00729011
0.0153562
0.00756566
0.0193998
0.00735632
0.0610925
0.00847906
0.00940131
0.00824947
0.00860734
0.0111602
0.00642859
0.00884914
0.00779953
0.00917269
0.00870528
0.0040364
0.00635979
0.00740368
0.00781154
0.00754034
0.00846488
0.00763505
0.00741205
0.00772777
0.00793134
0.00768663
0.0074909
0.00906635
0.00864024
0.0119655
0.00971445
0.00661435
0.00834573
0.00655408
0.00930811
0.00796114
0.00762782
0.0073848
0.00755127
0.00734942
0.0139751
0.00765625
0.00852251
0.00799768
0.00800635
0.0094237
0.00749044
0.0081638
0.00760953
0.00830231
0.00838656
0.00851713
0.00740349
0.00459847
0.00795144
0.00582042
0.0080715
0.0150838
0.00855385
0.0097005
0.00779538
0.00937073
0.0075247
0.00797286
0.00706032
0.00790995
0.00824263
0.00101425
0.0229438
0.00762292
0.0097158
0.014788
0.00811214
0.00866935
0.00747616
0.00750395
0.00753924
0.00778619
0.0081242
0.00973435
0.00738659
0.00744697
0.0099688
0.0194017
0.00737157
0.0114349
0.0159042
0.0164143
0.00409359
0.00734561
0.00731855
0.00904429
0.00749965
0.0107222
0.00782328
0.00775288
0.00760083
0.00910686
0.00741366
0.00932
0.00784575
0.00758411
0.0102371
0.00796522
0.00830349
0.00860714
0.0180494
0.00868917
0.0074653
0.00829869
0.00760408
0.007638
0.00199431
0.00874324
0.0161409
0.00762043
0.00973341
0.00791359
0.0107081
0.00217823
0.00772026
0.014595
0.00741531
0.00874085
0.00830752
0.00773562
0.0167986
0.00828811
0.00804445
0.00748968
0.00750837
0.00731215
0.00877747
0.00925019
0.00883949
0.00733861
0.00794622
0.00759544
0.00793429
0.0142708
0.00851333
0.0101565
0.0088805
0.02053
0.0084046
0.00821238
0.00870509
0.00853471
0.0152117
0.00744736
0.00860163
0.0177001
0.00428736
0.00737152
0.00789954
0.00794049
0.00804429
0.00592763
0.00878202
0.00730869
0.00793224
0.00742473
0.00840784
0.0073315
0.00806554
0.0105265
0.00874606
0.00741152
0.00884259
0.00366716
0.00854556
0.00904812
0.00761291
0.00997625
0.0354558
0.00754856
0.00824491
0.00766562
0.00862311
0.00812936
0.00812764
0.00737847
0.0396894
0.00853901
0.00752964
0.0089923
0.00749955
0.00931213
0.0081555
0.00776233
0.00752147
0.00813739
0.00754652
0.00821487
0.00772223
0.00734686
0.0100074
0.0353817
0.00824043
0.0167991
0.00944335
0.00838384
0.00780122
0.00748603
0.00732399
0.0106347
0.00792486
0.00958882
0.00777076
0.0109676
0.00859696
0.0355953
0.00795599
0.0083213
0.00741263
0.00739072
0.00757589
0.0340234
0.00802944
0.0074964
0.00768079
0.00776656
0.00755451
0.00743467
0.00232648
0.00794704
0.0181079
0.00819922
0.00861554
0.01583
0.0077156
0.00794657
0.0103958
0.00788162
0.00826381
0.007565
0.00857421
0.00844274
0.00747159
0.00793832
0.00756186
0.00814889
0.00829626
0.00731283
0.0087478
0.00788191
0.00748891
0.00831096
0.0141127
0.00735873
0.00753285
0.0246788
0.0100548
0.00252124
0.00297355
0.00753218
0.00919263
0.0095213
0.00812586
0.00765908
0.0085716
0.00829639
0.00814222
0.00771759
0.0081338
0.00759803
0.00984683
0.00806434
0.00780281
0.007639
0.00782399
0.0219734
0.0101464
0.0102562
0.00730906
0.00766486
0.00749136
0.00863251
0.00766082
0.0112975
0.00874315
0.00764696
0.00819805
0.00449499
0.00931756
0.00889141
0.00856409
0.00761072
0.00847976
0.0090234
0.00858313
0.00769866
0.0204929
0.00785737
0.00374414
0.00818719
0.0087199
0.0110728
0.0105605
0.00772941
0.00757198
0.0329475
0.010092
0.0076601
0.00831205
0.00781693
0.010194
0.00770277
0.00757578
0.00805498
0.0140227
0.0077948
0.00790997
0.00860081
0.0080504
0.00933339
0.00733849
0.00775103
0.00867103
0.00816212
0.00755983
0.00831025
0.00941346
0.00885039
0.00811126
0.0080364
0.00888081
0.0076636
0.00757989
0.00853521
0.00857619
0.000131757
0.00795395
0.00857854
0.00957548
0.00732764
0.00841871
0.00780962
0.00746935
0.0107613
0.00785604
0.00548135
0.00932806
0.0257142
0.00743363
0.00795229
0.00817057
0.00797415
0.00957238
0.00950157
0.00764397
0.00805477
0.00797034
0.0142056
0.00813141
0.0077888
0.0806553
0.00301212
0.00752546
0.00744875
0.00857696
0.00754254
0.0085499
0.00732794
0.00788146
0.00825194
0.00736899
0.00804224
0.00833352
0.00865141
0.00837944
0.00757148
0.00381382
0.0147
0.00846185
0.0466799
0.0142256
0.00822291
0.00779849
0.00236802
0.00277387
0.0073299
0.007358
0.00772832
0.00770929
0.00752034
0.00754166
0.00957514
0.00778146
0.00954574
0.0143534
0.00870932
0.00292255
0.0073802
0.00872395
0.0158219
0.00807541
0.00893843
0.0105207
0.00834719
0.008993
0.0290697
0.00742617
0.00791144
0.00883963
0.00799804
0.00781936
0.00750692
0.00800164
0.00800028
0.0102798
0.00799367
0.00859695
0.00481701
0.010823
0.00795417
0.00937778
0.00765555
0.0083714
0.00794793
0.00758964
0.0147778
0.00737069
0.00827968
0.00740051
0.00833493
0.0348303
0.0138284
0.0104306
0.00956386
0.0137654
0.0189455
0.00735144
0.00854371
0.0100194
0.0140649
0.00812498
0.00806293
0.00843126
0.00772691
0.00763418
0.00884429
0.00784178
0.00809052
0.00378789
0.0104898
0.00994944
0.0180806
0.00743119
0.00885624
0.00818091
0.00740978
0.00458934
0.0100854
0.00760261
0.00782212
0.0081084
0.00949672
0.00898753
0.00750776
0.00840568
0.00749501
0.00750468
0.0162833
0.00763632
0.00742672
0.00807057
0.00791003
0.0044534
0.00772417
0.00848646
0.00798082
0.00582806
0.0155615
0.00804815
0.00935236
0.00749988
0.0043749
0.00974455
0.0100509
0.0081337
0.00768874
0.0322867
0.00758201
0.0166659
0.0218139
0.00731203
0.00788766
0.0429121
0.00790143
0.0100194
0.00520854
0.00803801
0.00742447
0.00948718
0.00629212
0.00750796
0.0110606
0.00768434
0.0102512
0.00747579
0.0142609
0.0118773
0.00734025
0.00899346
0.00763762
0.0073843
0.0084923
0.0145381
0.00763744
0.0441216
0.0351524
0.0074375
0.021102
0.123275
0.0148152
0.00736597
0.00779796
0.0089272
0.00851667
0.0141863
0.00783114
0.00425707
0.00737566
0.0146898
0.0885842
0.00963157
0.0121876
0.0075705
0.00915695
0.00834927
0.00979719
0.00867866
0.0141762
0.00761432
0.00985751
0.007353
0.00741719
0.00273456
0.00754529
0.00755242
0.00825995
0.0153523
0.0216299
0.0174744
0.0108648
0.00847605
0.0052502
0.00210619
0.00791307
0.00768794
0.0079387
0.00801775
0.00759534
0.00845213
0.00788981
0.00838419
0.00781231
0.00839776
0.0084304
0.00863597
0.0077904
0.00842843
0.00858179
0.00744208
0.00840768
0.00786624
0.00848703
0.0075143
0.00821337
0.0135911
0.0058224
0.00935392
0.128664
0.00360094
0.00837027
0.00760545
0.00765142
0.00828851
0.00841592
0.016661
0.0086639
0.00869546
0.00763159
0.00133875
0.0431038
0.00763344
0.00938354
0.00564474
0.00783528
0.00937936
0.00864512
0.00838875
0.00970366
0.00753768
0.00731066
0.0166869
0.00739031
0.00734529
0.00751593
0.00819661
0.00740562
0.00895344
0.00794371
0.00745031
0.00737124
0.00756672
0.000196529
0.00775675
0.00793695
0.00738389
0.046603
0.00925014
0.00790181
0.0099613
0.00778799
0.0083122
0.00743775
0.0182363
0.00785823
0.00737423
0.00736407
0.0164248
0.0110475
0.00755797
0.00902913
0.00990772
0.00956208
0.00857659
0.00756743
0.0168427
0.00733724
0.00782797
0.0294944
0.00757627
0.00735713
0.00756828
0.00793227
0.00969718
0.010178
0.0150146
0.00788274
0.0112737
0.0403522
0.00984966
0.00939162
0.00737928
0.00740057
0.00838984
0.00900764
0.00756385
0.0296895
0.00768991
0.00894549
0.00731289
0.00783321
0.00890807
0.00294399
0.00747315
0.0078938
0.0119851
0.00993821
0.00856941
0.00972351
0.0109578
0.0030554
0.00811246
0.0175174
0.00745806
0.00820829
0.000912744
0.0075876
0.00881817
0.00800251
0.00796864
0.00757148
0.0200551
0.00784572
0.00731967
0.00827542
0.150132
0.00917381
0.00760272
0.0089119
0.0231602
0.00820389
0.00813819
0.00959607
0.00816078
0.00907017
0.00820595
0.00756519
0.00853627
0.00759843
0.00860963
0.0084287
0.00919182
0.00959529
0.00740366
0.00780113
0.0111567
0.00850285
0.00779004
0.00841557
0.00783563
0.00763004
0.0112096
0.00766944
0.00744609
0.0078454
0.008671
0.0077072
0.00808936
0.00737345
0.00792162
0.00860826
0.0409657
0.00749451
0.0520084
0.00772627
0.00269481
0.00784374
0.00764946
0.0111327
0.0079005
0.00760448
0.00848515
0.00769397
0.00765469
0.00738016
0.00842592
0.00740094
0.00778155
0.00912471
0.00749732
0.00874593
0.0030273
0.00826593
0.00773422
0.00776752
0.00822256
0.0081522
0.0108115
0.0094714
0.00741915
0.00761621
0.0104771
0.00763994
0.00749424
0.00962772
0.00826518
0.00800234
0.00989138
0.00749735
0.0100583
0.00884415
0.00755594
0.00783318
0.00736308
0.00961273
0.00915115
0.00781254
0.00920937
0.00867602
0.00956911
0.00928944
0.00811274
0.00919425
0.00758007
0.00938664
0.00938484
0.010341
0.00773185
0.00818595
0.00761863
0.00829852
0.00898761
0.00936865
0.00891228
0.00840304
0.00796784
0.00954266
0.00754746
0.0290861
0.00951794
0.0086335
0.0340689
0.00749634
0.00818481
0.00860858
0.00785972
0.00882182
0.00823388
0.00822199
0.0082529
0.00803087
0.00777775
0.00777504
0.00840304
0.00835258
0.00945559
0.0147399
0.0299009
0.00771605
0.00832388
0.0203505
0.00751491
0.00749849
0.00874514
0.00787111
0.010341
0.00738308
0.00784861
0.00763575
0.00780544
0.00795071
0.00800156
0.00777966
0.00835216
0.00745261
0.0182557
0.00872161
0.00739893
0.00756133
0.0216403
0.029457
0.00735502
0.0100132
0.00861175
0.00842966
0.00744646
0.00896856
0.00747717
0.0141272
0.00789828
0.00804374
0.020293
0.00825755
0.00758949
0.00667223
0.00795362
0.00770978
0.00861242
0.0079289
0.00734318
0.00830131
0.00948546
0.00934991
0.00836417
0.00759115
0.00816418
0.00824737
0.0355455
0.00906874
0.00757831
0.00942407
0.00762184
0.00739489
0.00959604
0.00742419
0.0171261
0.00984301
0.00772694
0.00798428
0.00841881
0.00774342
0.0105631
0.00948093
0.00667558
0.00810756
0.00752574
0.00740154
0.0089915
0.00739214
0.00908485
0.00754603
0.00731198
0.00753401
0.0500371
0.00922897
0.00835283
0.00899329
0.0199331
0.0077019
0.00831573
0.0147821
0.00646484
0.00855419
0.00753903
0.00184315
0.00796971
0.00761413
0.00830331
0.00761708
0.00885797
0.0075455
0.00806595
0.00826711
0.00866486
0.00763224
0.0145046
0.00817936
0.027081
0.00751143
0.0106048
0.00794798
0.00989702
0.00921032
0.00748529
0.00731107
0.0168058
0.00804199
0.00852489
0.00790307
0.00739564
0.00798581
0.0087228
0.00815416
0.00771648
0.00737686
0.00750325
0.0103625
0.011039
0.0092362
0.00906955
0.0256185
0.00796074
0.00856039
0.00823641
0.00731891
0.00747359
0.00813968
0.00779734
0.00977768
0.000607359
0.00791486
0.00810648
0.00756641
0.00751976
0.00867146
0.00968762
0.00794858
0.00742965
0.00787971
0.00744446
0.00738754
0.0154008
0.0146209
0.0074516
0.00808797
0.00769497
0.00767878
0.00836902
0.0082933
0.0135757
0.00791859
0.007595
0.0078606
0.0168416
0.00974253
0.00738319
0.00737621
0.0203683
0.00895206
0.00836552
0.010134
0.0148781
0.00920765
0.00771525
0.0102875
0.00234282
0.00804351
0.0394513
0.00753596
0.00961299
0.00794882
0.0108358
0.00864682
0.00896203
0.0194796
0.00831497
0.00744112
0.00773016
0.0076488
0.00830376
0.00764137
0.00753994
0.00846471
0.0077184
0.0158937
0.0137289
0.0520528
0.00935736
0.0111069
0.00765153
0.0244485
0.00881298
0.00741063
0.00789607
0.00750645
0.00855534
0.0111892
0.00796529
0.0115338
0.00598929
0.00896767
0.0150004
0.00792195
0.00875223
0.00758935
0.0108057
0.0225048
0.00750781
0.00752249
0.00868891
0.0013517
0.00747107
0.00768941
0.00803315
0.0116612
0.0073274
0.000213934
0.00761773
0.00743116
0.0085615
0.00834979
0.00270706
0.00778836
0.00931708
0.00910818
0.00344868
0.00958194
0.00744001
0.00744008
0.00798426
0.0077507
0.00749693
0.00760609
0.0187975
0.00868673
0.00773753
0.00774483
0.00956965
0.00775659
0.0101218
0.00759782
0.00096408
0.00769863
0.00954915
0.00818435
0.00784465
0.00732421
0.00800087
0.014528
0.0092978
0.0106009
0.0153944
0.00891222
0.00796609
0.0345224
0.00747115
0.00852361
0.0076488
0.0081031
0.00866284
0.0157569
0.00906563
0.00738314
0.00800867
0.00758995
0.00911599
0.00873275
0.00748115
0.00845799
0.0100825
0.00766659
0.00862102
0.007534
0.00746175
0.00875027
0.00772485
0.00742583
0.00815693
0.0183219
0.00757682
0.00800777
0.0078415
0.0073243
0.0144981
0.00734811
0.0126633
0.00894779
0.00838073
0.00806361
0.00744721
0.0078899
0.00737511
0.00163768
0.0262752
0.00832199
0.0178961
0.00780148
0.00925273
0.00836223
0.00813963
0.00742443
0.00851232
0.000495568
0.00870569
0.0131385
0.00786789
0.0193691
0.00855335
0.00839508
0.00765225
0.00959086
0.0102815
0.00810003
0.00953336
0.00810453
0.00732097
0.0206656
0.018167
0.00772354
0.00813937
0.00822051
0.00844442
0.0073171
0.00816782
0.00734168
0.0326893
0.00869099
0.00976835
0.0076967
0.00862296
0.00752954
0.0185141
0.00784326
0.024705
0.00808557
0.00814903
0.00884662
0.010085
0.0112601
0.00843751
0.00732937
0.00818881
0.00836228
0.00875888
0.000670655
0.0154267
0.0363788
0.00860136
0.00876254
0.00864986
0.0148797
0.0111557
0.0215174
0.00831487
0.0237673
0.00783982
0.0092057
0.00810167
0.00824124
0.0677654
0.00782443
0.00869164
0.00850848
0.00759861
0.00804526
0.0101078
0.00975488
0.00897426
0.00794762
0.00796044
0.0229545
0.00766755
0.00849064
0.00919091
0.0075245
0.007603
0.00793687
0.00811888
0.00738891
0.00853384
0.0119078
0.00802196
0.0493563
0.0621801
0.00906954
0.00786857
0.00756023
0.00760889
0.0334039
0.00956968
0.00957613
0.00834852
0.00648794
0.00754992
0.00906536
0.0211432
0.00880311
0.00747663
0.00785952
0.00780533
0.00733474
0.00943914
0.00772671
0.00759863
0.00995414
0.00700166
0.00809216
0.00809792
0.00796607
0.00799249
0.00912904
0.00890448
0.00734111
0.0270833
0.0233129
0.0074792
0.0080886
0.00756944
0.00758113
0.00785154
0.00776431
0.0103068
0.00843471
0.00884397
0.00738823
0.00808133
0.00814981
0.0104836
0.00998533
0.0012801
0.00849489
0.00870405
0.00758819
0.00910498
0.00755902
0.00858143
0.0168573
0.00942304
0.00774587
0.0143805
0.00784126
0.00812668
0.0375492
0.00754379
0.00880532
0.00958907
0.00948261
0.00780559
0.00565509
0.00854459
0.00895445
0.0304759
0.00763092
0.0155798
0.00945112
0.00835539
0.00812007
0.00755167
0.000149504
0.00757172
0.0104271
0.0077602
0.00920096
0.00734781
0.00882579
0.00744949
0.0159404
0.00899721
0.00845807
0.0158827
0.0222899
0.00822088
0.00919975
0.00940524
0.00826932
0.00948602
0.00859446
0.00737668
0.00740142
0.00812971
0.00756518
0.00910965
0.00919377
0.00845689
0.00118986
0.00101518
0.016084
0.00746192
0.00831985
0.0152438
0.00748425
0.011283
0.00809131
0.0100417
0.0093583
0.0330708
0.00759865
0.0100475
0.00942589
0.0081834
0.0078364
0.00750551
0.00901922
0.00812545
0.00258215
0.00756757
0.0101972
0.0076946
0.00746152
0.00790801
0.00996532
0.00773018
0.00741129
0.041193
0.00928084
0.00754027
0.00826662
0.00830773
0.00807274
0.00770158
0.00756042
0.00775274
0.00759851
0.00832755
0.00921247
0.00887009
0.00943838
0.00841871
0.0078935
0.00774784
0.00973068
0.0079935
0.00932928
0.00839871
0.00814232
0.00806029
0.00771654
0.0140724
0.00777684
0.00995997
0.00755729
0.016695
0.00820798
0.00861044
0.00861154
0.00731
0.00844395
0.00832078
0.00878378
0.00762257
0.00883533
0.0494232
0.00881672
0.00815983
0.152069
0.000636194
0.00757494
0.00756703
0.0074159
0.00785524
0.00844729
0.0302179
0.00803931
0.00968269
0.00860545
0.00553486
0.0133217
0.00938127
0.00838235
0.00739668
0.00741393
0.00755955
0.00773672
0.0203705
0.00528859
0.00770005
0.00450898
0.000402518
0.00765676
0.00745075
0.00817027
0.00739824
0.00973093
0.0158642
0.00819943
0.00793352
0.00815287
0.0212085
0.00817438
0.00769044
0.00737605
0.00776784
0.0077659
0.00452913
0.00997478
0.0160014
0.00748605
0.00750931
0.0186524
0.00774975
0.00762862
0.00848395
0.00840309
0.0074733
0.00895604
0.0100157
0.0194454
0.00863839
0.00279302
0.00736228
0.0102752
0.00811431
0.00783274
0.00800664
0.00864609
0.00903066
0.00746955
0.00783151
0.00822213
0.0081236
0.00827077
0.00738904
0.011162
0.00829167
0.00822495
0.0101107
0.00814994
0.00803771
0.00825316
0.0091137
0.00928674
0.00838205
0.00767221
0.00863277
0.00896057
0.0262639
0.00840724
0.008323
0.0103111
0.132318
0.00736627
0.00775545
0.00794951
0.00819484
0.00836035
0.00948809
0.00844997
0.0170892
0.00831404
0.0100764
0.00977111
0.00751979
0.00924621
0.00750105
0.00320106
0.00848363
0.00757474
0.011533
0.00736475
0.00772456
0.00838352
0.0403431
0.0224892
0.0104517
0.0145233
0.00860693
0.00817442
0.00814538
0.00952069
0.00803745
0.00756603
0.0171291
0.0074016
0.00753795
0.0162476
0.00844661
0.00744485
0.00746423
0.00166099
0.00888268
0.0172799
0.00798372
0.00902763
0.0426106
0.000846985
0.00943371
0.00928345
0.00773065
0.00899614
0.00842606
0.0139736
0.00664254
0.00851052
0.00999258
0.00847116
0.00875373
0.00978792
0.03105
0.00749496
0.00771659
0.0152322
0.00825506
0.00819982
0.00511769
0.00859621
0.00830708
0.00776118
0.0088125
0.0088656
0.00110922
0.00921695
0.00761071
0.00767405
0.00835153
0.0092226
0.00791782
0.00770165
0.00785833
0.00797148
0.00955907
0.00789225
0.00870234
0.00756645
0.00745247
0.0139024
0.00776139
0.00824174
0.0078663
0.00920128
0.00778904
0.00782398
0.00986774
0.00750393
0.0245183
0.010424
0.00738235
0.00733231
0.00830102
0.00806381
0.00341501
0.00733295
0.00873236
0.0320584
0.00736808
0.00801112
0.0268861
0.00838146
0.0205979
0.00795329
0.00731942
0.00833595
0.00841962
0.00805991
0.00777996
0.275279
0.0198927
0.00984842
0.0614153
0.00957088
0.00778155
0.00802497
0.00836728
0.000578637
0.00534658
0.00739314
0.00746038
0.161924
0.00739757
0.0112661
0.00815958
0.0076594
0.0071951
0.00843515
0.00848368
0.00794559
0.0112953
0.00869077
0.00741182
0.00833179
0.00822403
0.00777737
0.00738391
0.00769573
0.00760878
0.00743994
0.00771738
0.00804876
0.00800344
0.00959909
0.00913216
0.00906134
0.0364361
0.00851881
0.00738416
0.0224521
0.00868658
0.00827701
0.00761901
0.0100252
0.00849454
0.00733041
0.00960624
0.00775509
0.00825749
0.00776588
0.00881095
0.00835044
0.0134792
0.000205409
0.0090639
0.0159179
0.00811774
0.0101241
0.00758979
0.00443528
0.0100489
0.0104691
0.00734043
0.00743278
0.0159272
0.00961336
0.00917104
0.00832843
0.00823061
0.00870635
0.00767794
0.00783194
0.00875959
0.00403809
0.00854362
0.00858217
0.00781623
0.0102565
0.00780499
0.00738857
0.00899078
0.00758091
0.00838012
0.00733022
0.00743244
0.00917701
0.00778068
0.00958164
0.00745674
0.00835579
0.0013894
0.008072
0.00857864
0.00840532
0.00830276
0.00739558
0.0083636
0.00734225
0.0391354
0.00803392
0.00753501
0.00795085
0.00828813
0.00848593
0.00743475
0.0239941
0.183685
0.00840195
0.00189328
0.00754107
0.0152229
0.00866438
0.00749397
0.0096786
0.00809768
0.00751974
0.00855011
0.00546778
0.00873862
0.00813637
0.0081694
0.00753802
0.00949151
0.00808134
0.00909471
0.0075412
0.00779562
0.00614983
0.00944095
0.00824954
0.00892468
0.0153234
0.00797344
0.016708
0.00734125
0.00807606
0.0115197
0.00753322
0.00772638
0.00237704
0.00612011
0.0176001
0.00818013
0.0075465
0.00744803
0.00767055
0.00741606
0.0089128
0.00758549
0.00849734
0.00897346
0.00741676
0.00775662
0.0210836
0.00849184
0.00799314
0.00960653
0.0110133
0.00766685
0.009052
0.0078993
0.0185745
0.00794388
0.00804612
0.00784911
0.00834359
0.00816726
0.00800306
0.00969969
0.0105136
0.00667909
0.0074059
0.00953079
0.00916979
0.0047364
0.00855547
0.0088131
0.00764147
0.00769302
0.00623781
0.0261
0.0168319
0.0080466
0.0115223
0.00947907
0.00753084
0.0289978
0.00789142
0.00790468
0.0074752
0.00255556
0.00828964
0.00785994
0.00878224
0.00797171
0.0107704
0.00850794
0.00765829
0.00981724
0.0103709
0.018903
0.00874223
0.0083375
0.00808775
0.0475643
0.00912049
0.00852958
0.00771326
0.00746065
0.00795487
0.0102227
0.00944405
0.0078326
0.00771112
0.0077381
0.00852231
0.00742045
0.00771857
0.00810704
0.0206823
0.0576798
0.00747621
0.00763509
0.0680036
0.00964832
0.00759607
0.00863622
0.00901134
0.0076512
0.0110811
0.00876883
0.0373212
0.00747544
0.00894026
0.00730862
0.00769579
0.0084422
0.00838712
0.0156406
0.0099482
0.00795041
0.00789845
0.00798117
0.00756806
0.00752894
0.0104984
0.0112361
0.00814808
0.0466212
0.00873186
0.00882027
0.00794402
0.0077901
0.00750805
0.0113837
0.00796018
0.00744441
0.00782663
0.00765811
0.00805338
0.00874982
0.00870464
0.00754855
0.00822723
0.00778239
0.00930781
0.00821776
0.00902895
0.0113418
0.00815858
0.00804717
0.00763913
0.00814174
0.00743532
0.00822577
0.00896163
0.00799247
0.00916516
0.00907287
0.00902319
0.00412468
0.00830728
0.0089276
0.0198816
0.00841443
0.00899698
0.007542
0.00792127
0.00796235
0.00948713
0.00764216
0.0427135
0.00745132
0.00168462
0.00821879
0.00745584
0.00844737
0.00838289
0.00924067
0.0317201
0.0117424
0.0175769
0.00734155
0.00892551
0.00600994
0.00881752
0.00736974
0.00886598
0.00798194
0.00978027
0.0110446
0.00738295
0.00734694
0.00797297
0.00886884
0.00904803
0.00795515
0.00619563
0.00839549
0.00871508
0.0084055
0.00740993
0.00829767
0.00793583
0.0074798
0.00918701
0.00784876
0.00768261
0.00958475
0.00864313
0.00804671
0.0087826
0.00916892
0.00883556
0.0278505
0.00742084
0.00834407
0.00893487
0.00750842
0.00841145
0.0100216
0.0107011
0.00758835
0.00751233
0.00772113
0.00813106
0.00831589
0.00416028
0.00814568
0.00781692
0.00823991
0.0158052
0.0162191
0.00803832
0.00742863
0.212308
0.00884405
0.0075321
0.00986051
0.00792746
0.0135261
0.0143473
0.00847534
0.00762327
0.00764732
0.00768503
0.00757257
0.0165806
0.00789751
0.00772682
0.00734408
0.0186876
0.00762757
0.00797147
0.0074404
0.00837082
0.00871981
0.0892475
0.00572502
0.00776507
0.0153889
0.00740339
0.0102215
0.007822
0.00770443
0.00825843
0.00884896
0.0173736
0.00741178
0.00749585
0.00852908
0.00893576
0.00802667
0.00764747
0.0173711
0.0082224
0.00777787
0.0078129
0.00933059
0.0139207
0.0598059
0.00961841
0.0279679
0.00763632
0.00754295
0.0114401
0.011057
0.00793758
0.00744397
0.00761009
0.0146696
0.00667103
0.00752397
0.00703882
0.00894535
0.00731948
0.00838377
0.0079881
0.00937076
0.00690724
0.00781987
0.00763605
0.00897508
0.00935323
0.0115917
0.00837771
0.00986337
0.00832414
0.00769889
0.0170416
0.00931046
0.00733161
0.00757708
0.00822625
0.0162677
0.00758832
0.00733211
0.00963087
0.0163528
0.0117101
0.00804522
0.00810708
0.00774928
0.0263815
0.0279886
0.016159
0.0087877
0.0073799
0.0108584
0.00982548
0.00885005
0.00744103
0.00826833
0.125223
0.0107071
0.00762022
0.00824181
0.00913342
0.0101583
0.00978996
0.00753042
0.00788659
0.00854043
0.00928274
0.00866368
0.00742648
0.00770856
0.011191
0.0150058
0.00994145
0.00803951
0.00774324
0.0117015
0.00765956
0.0012772
0.009942
0.00861872
0.00743986
0.00909027
0.00348705
0.00958558
0.00770668
0.00767717
0.00800768
0.00912228
0.0089519
0.00762141
0.00825486
0.00839167
0.00840063
0.00903993
0.00982431
0.0076082
0.0252006
0.00768586
0.00783506
0.00740161
0.00820804
0.0076231
0.00800041
0.0114531
0.00777687
0.00872986
0.00812058
0.00976563
0.00797073
0.0100569
0.00810756
0.00873047
0.0163068
0.0104005
0.00208533
0.00737574
0.0102473
0.0062188
0.00761067
0.00886975
0.00824379
0.00859552
0.00887013
0.00755904
0.00905979
0.00774633
0.00754272
0.00808136
0.0788959
0.00747746
0.00794557
0.0141724
0.00799662
0.00796503
0.0147899
0.0084299
0.00913588
0.00929217
0.00797496
0.00817132
0.00550071
0.00797695
0.00732532
0.00953951
0.011463
0.204963
0.00820009
0.00925046
0.00763964
0.0102508
0.00762497
0.00778647
0.0076204
0.009237
0.00909895
0.0144627
0.00790706
0.00932386
0.0075035
0.0139687
0.00795421
0.00897271
0.00950386
0.0211012
0.00761398
0.043369
0.00950929
0.00872778
0.0102857
0.00816833
0.0147796
0.00804272
0.0085799
0.00757511
0.00792172
0.0100654
0.00752873
0.00758213
0.00744489
0.0150295
0.0161946
0.00735563
0.1525
0.00748215
0.00135917
0.00818006
0.00801964
0.011304
0.0084726
0.00818012
0.00829271
0.00857613
0.00201878
0.00786247
0.00859174
0.00739355
0.00772274
0.0101601
0.00959575
0.00866435
0.0136898
0.00895097
0.00808767
0.00795669
0.0620492
0.00840828
0.0334489
0.0089722
0.00785483
0.00162471
0.00811122
0.00822119
0.00767669
0.00741842
0.0077287
0.00817473
0.00819177
0.00858225
0.0076753
0.0189561
0.00786054
0.0167924
0.00763375
0.00796864
0.00783051
0.0153419
0.0329463
0.00748496
0.0080881
0.00867773
0.00734329
0.00837353
0.00744339
0.00791402
0.00818131
0.0876541
0.00858128
0.00748421
0.00774287
0.00940163
0.00804582
0.021173
0.00849518
0.0077993
0.0667209
0.0248272
0.00753183
0.0138644
0.00755129
0.00781523
0.00273898
0.00884414
0.0150646
0.00746669
0.0073073
0.0163338
0.0082135
0.00887175
0.00819835
0.00982688
0.00535877
0.00967494
0.0100175
0.00746133
0.00763336
0.00912925
0.0083734
0.00747608
0.00781652
0.0102171
0.00862812
0.00801561
0.00937652
0.00765617
0.00734979
0.00405287
0.00796197
0.00804573
0.0230208
0.00758103
0.0207993
0.00751466
0.00919119
0.00150548
0.00812121
0.00732542
0.00868739
0.0231132
0.00769539
0.018086
0.00744068
0.00818372
0.00786911
0.00809348
0.00810725
0.0084363
0.0514656
0.00789345
0.00741635
0.00749645
0.00754256
0.0146961
0.00829949
0.00796201
0.00833215
0.00879042
0.0170125
0.00756547
0.00840122
0.00809608
0.00889309
0.00921387
0.00832952
0.0108629
0.0170304
0.00841705
0.00809037
0.00805848
0.00794585
0.00785183
0.00785935
0.00895996
0.00797145
0.011328
0.00788777
0.00814089
0.00814653
0.00852839
0.0159145
0.0179489
0.00932487
0.00796288
0.00836549
0.00359822
0.00865272
0.0077369
0.0238708
0.0087399
0.00801998
0.00741827
0.0166992
0.00755745
0.0603051
0.0233224
0.00836573
0.00822464
0.00839553
0.00096255
0.00779176
0.00792174
0.00812038
0.00783241
0.00738076
0.00895539
0.00740095
0.016738
0.00802188
0.00768984
0.00817558
0.0087211
0.0073426
0.000260007
0.00777337
0.00956402
0.00908874
0.0223542
0.00228121
0.00814117
0.00782349
0.00743605
0.00775836
0.00765976
0.00886432
0.0204216
0.00823251
0.0109025
0.0186763
0.00750404
0.00740363
0.00821092
0.0173554
0.00880811
0.00777063
0.00885483
0.0075321
0.00810721
0.00809025
0.0075764
0.00804309
0.00856003
0.00754765
0.00846068
0.00750257
0.007878
0.00772842
0.0049093
0.0251438
0.00776754
0.00663994
0.00771125
0.00789847
0.00842465
0.00866258
0.0336612
0.00754033
0.0102065
0.00831699
0.00768028
0.00745645
0.00823005
0.0074549
0.0100918
0.00795692
0.00735533
0.0091313
0.00867143
0.00484931
0.0092667
0.00773967
0.00829458
0.0257453
0.00841361
0.0876229
0.0725162
0.00786394
0.0106506
0.00769455
0.00779081
0.00742639
0.00737061
0.00886581
0.00811225
0.0158314
0.00887314
0.00734771
0.00730658
0.00793832
0.00794113
0.00889986
0.00807114
0.010165
0.00789484
0.00835388
0.00752303
0.00963779
0.00763781
0.00745656
0.00850599
0.00992005
0.00740518
0.0219944
0.0194493
0.00904914
0.00759564
0.00778821
0.00741064
0.00789172
0.0079351
0.00781388
0.00732568
0.00926279
0.0153096
0.00808371
0.000291552
0.0076294
0.007746
0.00751202
0.00944284
0.00751378
0.00853473
0.0102152
0.00733142
0.010594
0.00800196
0.00877115
0.00803303
0.0082652
0.0826844
0.00772755
0.00917251
0.00780229
0.00913429
0.010633
0.00747992
0.00755584
0.00170527
0.0148573
0.00738862
0.00746165
4.69347e-05
0.00806124
0.00770904
0.00953714
0.00773359
0.0224491
0.00808122
0.00760983
0.00861989
0.0081885
0.00825014
0.00971366
0.00833097
0.00860837
0.00756363
0.00757893
0.00826038
0.009604
0.0101201
0.00867889
0.00837357
0.0077681
0.00764079
0.00979335
0.00761705
0.00735823
0.032693
0.00301068
0.00745833
0.00111999
0.00776696
0.00750818
0.00826723
0.00779476
0.0121049
0.00921302
0.00787178
0.00906297
0.00784004
0.00750052
0.00958017
0.00803964
0.0202219
0.00887239
0.00868772
0.00754823
0.00857236
0.00777843
0.0299841
0.00790315
0.0073377
0.00918836
0.0078214
0.00813398
0.00889808
0.00821696
0.00763168
0.0114962
0.00741615
0.00852858
0.0162806
0.00766299
0.00772829
0.00812585
0.00795859
0.00844567
0.00738428
0.00462771
0.0156335
0.00846909
0.0138518
0.0106446
0.00878258
0.00862111
0.00772328
0.0086665
0.018035
0.0073368
0.0184275
0.00759254
0.0081285
0.0449346
0.00753314
0.00789647
0.0165765
0.00886804
0.00808926
0.00744659
0.00762179
0.00373638
0.00822206
0.00859082
0.0634338
0.00790153
0.0060525
0.0074252
0.0250607
0.00743603
0.00837846
0.00967807
0.00741115
0.000440298
0.0102915
0.00771397
0.00250682
0.0623932
0.00892786
0.00956593
0.00792602
0.00926186
0.0076483
0.0307003
0.00804812
0.0073378
0.0193586
0.00800986
0.00749314
0.00751097
0.00785466
0.00830184
0.00883358
0.018002
0.00877045
0.0281758
0.00820063
0.00768779
0.00855772
0.00773602
0.00746305
0.00745631
0.00807445
0.0073161
0.00752248
0.00661273
0.00797505
0.00743701
0.00746775
0.022663
0.00825125
0.00735061
0.00810291
0.0255615
0.00789229
0.0079222
0.00766316
0.0147412
0.0149724
0.00735373
0.00872565
0.00789937
0.00863157
0.00762095
0.00860162
0.0150496
0.00984683
0.00733485
0.00791345
0.00905406
0.00733922
0.00894756
0.00768301
0.00914003
0.00805108
0.00986536
0.00768689
0.00763977
0.00896444
0.00763547
0.00766524
0.0105843
0.00788838
0.00858652
0.00767937
0.00754031
0.00769768
0.00892282
0.00802286
0.00896057
0.0279931
0.00954194
0.00763767
0.00788999
0.00841464
0.011796
0.00797716
0.00737624
0.00656981
0.00762313
0.0106608
0.00450665
0.00879799
0.00798167
0.0081671
0.0077137
0.00900313
0.00870479
0.00792686
0.000143152
0.00754205
0.00395324
0.00827429
0.00761191
0.023097
0.0079099
0.00866584
0.0155521
0.00790491
0.00739187
0.00797614
0.00731791
0.00826779
0.010242
0.00758988
0.00785515
0.00279823
0.00923316
0.136399
0.00893124
0.00188319
0.00801832
0.00736095
0.00627219
0.00824902
0.00824387
0.00854953
0.00792006
0.0073958
0.0162405
0.00758404
0.0073239
0.00743251
0.00760167
0.00772535
0.00775868
0.00751488
0.00775717
0.00801734
0.00740545
0.00780212
0.0180773
0.00789327
0.0101673
0.00805452
0.00584422
0.00538839
0.00302279
0.00769213
0.00780289
0.0614236
0.0065209
0.0154574
0.00392068
0.00783325
0.00285788
0.00834737
0.00941818
0.00821308
0.00906708
0.00773676
0.00732265
0.00909286
0.00767209
0.0106692
0.0089813
0.00746263
0.189957
0.00788916
0.00813448
0.00872838
0.00739437
0.00762007
0.00800234
0.00922461
0.00743381
0.00900291
0.00833617
0.008513
0.029041
0.00838106
0.0103224
0.00871071
0.00898473
0.00780451
0.00741683
0.00808452
0.00855662
0.00741537
0.00822211
0.00945911
0.0102705
0.00801322
0.00752699
0.00776223
0.00870653
0.0073721
0.00781261
0.0113591
0.0179298
0.000591212
0.0167829
0.00782269
0.00797999
0.0075472
0.00759294
0.00767594
0.00772635
0.0146174
0.00760743
0.00866552
0.00818157
0.00962196
0.00844028
0.00792992
0.00756315
0.0163643
0.00787988
0.00748731
0.00806005
0.00788942
0.00853333
0.0104222
0.0172318
0.00774088
0.00747174
0.00866254
0.0081911
0.00836407
0.0188099
0.00796131
0.00806576
0.046368
0.00805591
0.00761879
0.00784147
0.00747213
0.0115699
0.0142734
0.00974768
0.00934743
0.00807337
0.00767538
0.00754696
0.0086983
0.00784785
0.00759921
0.00781266
0.0081177
0.00757404
0.00746301
0.00849329
0.0195643
0.00834293
0.00758467
0.00807189
0.00784728
0.00773442
0.00940621
0.00552395
0.0427732
0.0396618
0.0155245
0.0165212
0.00879121
0.00733893
0.00832597
0.00751992
0.00742207
0.0180201
0.00951989
0.00773864
0.00829484
0.00732856
0.0074293
0.00878156
0.00893783
0.00795344
0.00779396
0.00970667
0.00773329
0.00956881
0.00885468
0.00779505
0.00836418
0.00817711
0.00748217
0.00789808
0.00745547
0.00964671
0.00999428
0.0101962
0.0204766
0.00844082
0.00732179
0.00794286
0.0142857
0.00753851
0.00765813
0.00866137
0.0162089
0.00766657
0.00777905
0.00760328
0.00777841
0.00851008
0.00923941
0.0141198
0.00808507
0.00764359
0.0100167
0.00746463
0.00930661
0.00741393
0.00861616
0.0094981
0.00368124
0.00768695
0.00863743
0.00733632
0.010155
0.00788451
0.0264511
0.0077527
0.0075179
0.00816852
0.00775635
0.00802935
0.00803585
0.0233387
0.00797648
0.00752846
0.00980448
0.00823692
0.0108046
0.00750245
0.00986987
0.00751869
0.0075372
0.00878032
0.00765865
0.0170444
0.00820567
0.00827565
0.0079286
0.0285695
0.00948649
0.007316
0.00446964
0.00808544
0.0178152
0.00760024
0.000373022
0.00810539
0.00811022
0.0143576
0.00811182
0.00735573
0.00770783
0.00801555
0.00736403
0.00732187
0.00833371
0.00808352
0.0162961
0.00735075
0.00803544
0.00838145
0.00794953
0.0081232
0.00750932
0.00915513
0.0109581
0.00862998
0.00808557
0.00799825
0.016522
0.00794545
0.00732471
0.00949359
0.00761724
0.00752989
0.00876199
0.00772174
0.0101088
0.00777902
0.00742328
0.0079786
0.00731398
0.00869082
0.00752352
0.0104937
8.77298e-05
0.00802883
0.00740539
0.0078841
0.023529
0.00241901
0.0081148
0.0169977
0.0104368
0.00853889
0.00757393
0.00870728
0.0173143
0.00879181
0.0109206
0.00962656
0.00772541
0.00944733
0.00751645
0.00824112
0.00837302
0.00746492
0.00943433
0.00849701
0.00756601
0.0251655
0.00762749
0.00777518
0.00772901
0.00969633
0.00830076
0.00754773
0.00882117
0.00761401
0.0160158
0.00810033
0.0153026
0.00755325
0.00801944
0.00628617
0.0136605
0.00394579
0.00825162
0.0077601
0.00760766
0.00771773
0.00137568
0.0196776
0.00883429
0.00865705
0.00759734
0.0107433
0.046069
0.0166839
0.00730813
0.00758885
0.00833001
0.00899309
0.00872325
0.0116229
0.0273163
0.00750092
0.0101526
0.00841682
0.00987252
0.00857063
0.00882021
0.00864655
0.00752087
0.00790035
0.00794767
0.00740142
0.00948089
0.00762227
0.00752237
0.0328997
0.00810126
0.00814011
0.00832583
0.0272017
0.00075494
0.0156191
0.008849
0.00731653
0.00737085
0.00804952
0.010029
0.00820562
0.0106105
0.00804796
0.00962823
0.00864887
0.00887338
0.00783282
0.0139725
0.0073873
0.00785853
0.00854138
0.00882777
0.00784182
0.00857637
0.00812965
0.00746524
0.00822673
0.0102803
0.00920029
0.00811163
0.00795589
0.00849515
0.00811219
0.00773596
0.00831878
0.0160762
0.00798105
0.00782068
0.00817174
0.0103472
0.00822854
0.00968658
0.00738705
0.0498758
0.0170885
0.0161452
0.00732974
0.00798801
0.0115477
0.00807538
0.00740836
0.00514964
0.00805251
0.00810487
0.00993935
0.00804918
0.00835885
0.00837637
0.0157723
0.00736412
0.0101068
0.00813238
0.00742372
0.00778266
0.00743764
0.00987731
0.00783914
0.0077264
0.00930377
0.00803493
0.00117421
0.0121959
0.00764048
0.00913286
0.00754229
0.00896973
0.0074688
0.00739952
0.00779323
0.0087158
0.00868641
0.00872272
0.00805328
0.00731919
0.0152403
0.00860149
0.00805371
0.00770649
0.0076438
0.00878238
0.0102061
0.00740998
0.00799552
0.00809116
0.00741448
0.00950523
0.00840643
0.00850505
0.0063339
0.00777041
0.00738618
0.00871294
0.00742338
0.0075862
0.0166002
0.00790112
0.00925794
0.0271552
0.00823292
0.00793421
0.00776633
0.00743901
0.0680539
0.00753164
0.0091771
0.00896198
0.0155022
0.00858595
0.0161634
0.00914426
0.00974402
0.00906556
0.00864611
0.00989307
0.00794274
0.00784638
0.00742083
0.00810448
0.00740188
0.0073577
0.00742456
0.0107414
0.0086179
0.0186091
0.00783504
0.00837875
0.07478
0.00888337
0.00743894
0.00754444
0.00884096
0.00825261
0.0073539
0.0104506
0.00791993
0.0507819
0.140077
0.0097123
0.0157393
0.00764528
0.00747905
0.00038413
0.00903915
0.00876277
0.0042956
0.0104885
0.00766926
0.0085009
0.00790102
0.00879698
0.00937159
0.00849556
0.0229907
0.00793969
0.00784571
0.0475808
0.00775841
0.00772299
0.00746969
0.00775107
0.00819395
0.00858305
0.00932554
0.00783298
0.00787243
0.00785307
0.00758974
0.00755176
0.114938
0.0102702
0.0238324
0.00898169
0.00827208
0.00866442
0.00747066
0.00766588
0.00837238
0.00772085
0.00768989
0.0105359
0.00735916
0.00780514
0.00772505
0.00903151
0.0226178
0.00980833
0.0457562
0.00789075
0.0158271
0.00789446
0.00743942
0.00926302
0.0121616
0.042326
0.0282045
0.00875593
0.00772134
0.00866031
0.0474674
0.00216249
0.0182444
0.00816288
0.00763511
0.00886977
0.00966216
0.0087909
0.0203479
0.00746919
0.0110505
0.00797586
0.0193562
0.00766527
0.0118171
0.00709148
0.00994114
0.00732505
0.00841923
0.0090737
0.00894803
0.0162098
0.000926961
0.0087363
0.00920836
0.00862184
0.0081667
0.00815833
0.00880051
0.00875795
0.00736105
0.00821532
0.00988882
0.00977311
0.00910794
0.00767268
0.00737666
0.00943153
0.00813497
0.0482706
0.00738194
0.0283738
0.00788895
0.00762764
0.0111151
0.0075778
0.0162868
0.00524001
0.00759445
0.0078829
0.00750678
0.0051175
0.00899603
0.00822017
0.00900144
0.00913497
0.00851905
0.0076863
0.007721
0.00915426
0.00974867
0.00739972
0.00866557
0.00806817
0.00823068
0.0118803
0.00789408
0.00871096
0.00861285
0.00781659
0.00742043
0.00975538
0.00992658
0.00743835
0.00873499
0.043779
0.0139426
0.0145808
0.00979307
0.00762893
0.0105763
0.00744525
0.00907892
0.00773486
0.00802698
0.00990589
0.0100574
0.0102174
0.00762896
0.00805027
0.0100913
0.00789608
0.0277527
0.00876406
0.00875487
0.00844174
0.0309126
0.00767656
0.0242067
0.0271751
0.00289626
0.00896219
0.00735954
0.0101637
0.0091998
0.00787505
0.0110684
0.0074023
0.00828715
0.00983157
0.00857994
0.00876066
0.00385372
0.0074749
0.00770131
0.00785642
0.00898704
0.00750869
0.00860731
0.00793606
0.00794651
0.00831803
0.0399191
0.00793965
0.00766991
0.00993366
0.00852104
0.0158013
0.0074943
0.00742525
0.00831296
0.00754183
0.00732787
0.0022189
0.00825949
0.00530534
0.00737598
0.00779555
0.00776336
0.00746387
0.00878372
0.00946579
0.00866399
0.00770234
0.00928707
0.0299175
0.00927619
0.0149521
0.00804828
0.0090911
0.0058954
0.00799496
0.00870236
0.00748081
0.00807036
0.00808869
0.00810608
0.00739397
0.00980898
0.0156716
0.00739421
0.00735296
0.0102939
0.00798976
0.00830602
0.0303255
0.00810107
0.00869862
0.00924002
0.000317102
0.00858336
0.0159264
0.00829091
0.0103151
0.00862037
0.00918559
0.00240972
0.00874845
0.0106463
0.0090877
0.00748172
0.00773254
0.00796593
0.00878555
0.00738505
0.0113641
0.00759673
0.00731648
0.0076333
0.00879142
0.008445
0.00927767
0.00862871
0.00735692
0.00740828
0.00736531
0.00761424
0.0168896
0.00804733
0.00919683
0.00815806
0.00740725
0.00808134
0.00805384
0.0143188
0.0458964
0.00745801
0.00822934
0.00815828
0.0138307
0.0194435
0.00757527
0.0107781
0.0077021
0.00830361
0.00874999
0.00782547
0.00869587
0.0074588
0.00753772
0.0451656
0.00337059
0.00751688
0.0063671
0.00956973
0.0165245
0.00731925
0.0160342
0.00735818
0.00734447
0.0224982
0.00795771
0.0213232
0.007846
0.00735505
0.008971
0.00847728
0.0080622
0.00736343
0.00749985
0.025601
0.00966691
0.0079499
0.00887357
0.00745811
0.00781554
0.00855804
0.00732449
0.0181447
0.00799607
0.00984728
0.00804645
0.009388
0.00280752
0.00864826
0.00863841
0.0025908
0.00752718
0.00804741
0.00783573
0.00789337
0.0580013
0.00742529
0.00933242
0.0209688
0.0163647
0.00753446
0.00733368
0.00772193
0.00811483
0.00764153
0.00770101
0.0148294
0.00907506
0.00771485
0.00785332
0.00958764
0.00778374
0.00880397
0.00788513
0.00933335
0.0192382
0.00785144
0.00792632
0.0225379
0.00746412
0.00745661
0.00150455
0.0076706
0.00833476
0.00755981
0.0078077
0.00775466
0.00891125
0.0088843
0.00835088
0.00739255
0.0141983
0.00870599
0.00749526
0.00898545
0.00828535
0.00840006
0.00979258
0.00349576
0.00845239
0.00761507
0.00747497
0.00749088
0.0121185
0.00928989
0.0546938
0.00796253
0.0089347
0.00867681
0.00913415
0.00835443
0.00775962
0.00780599
0.0161808
0.00983057
0.0115633
0.0073607
0.007704
0.0128682
0.00823648
0.00826049
0.00766923
0.00735414
0.00754908
0.00748636
0.00812969
0.0399043
0.00855918
0.00809462
0.0147908
0.014187
0.00764755
0.000661839
0.0100318
0.0355997
0.0015719
0.0148533
0.00768841
0.0080922
0.00905489
0.00732006
0.0177862
0.009284
0.00779694
0.00890887
0.0073442
0.00792212
0.0109112
0.00950476
0.00850657
0.00860974
0.00922542
0.0169985
0.00742749
0.00827344
0.00787985
0.0109248
0.00734892
0.00805404
0.00904265
0.00994056
0.00807834
0.00870011
0.00810211
0.00843645
0.0106745
0.00746041
0.00810876
0.00805447
0.0152663
0.00753029
0.00782387
0.00858077
0.0082213
0.00760962
0.00912009
0.0412777
0.0178593
0.00786369
0.00849709
0.00882132
0.00451538
0.0231083
0.0161803
0.0103815
0.0090589
0.00782703
0.00874473
0.00837296
0.000472943
0.00834275
0.00776233
0.00913944
0.00763538
0.00804205
0.00755687
0.00873026
0.00795056
0.00747602
0.00801446
0.00918834
0.00911751
0.00830614
0.0090677
0.0089065
0.0159729
0.00807307
0.0149772
0.00828253
0.00731768
0.0155672
0.00941786
0.00333255
0.00772241
0.00737315
0.00787578
0.00453776
0.0082445
0.00791089
0.00772223
0.00795159
0.00622386
0.00756974
0.0189912
0.00770777
0.0243612
0.0163354
0.00742134
0.00222848
0.00414555
0.0591795
0.00735314
0.00753595
0.0233739
0.00876744
0.010409
0.00402681
0.0208143
0.0785022
0.00915308
0.00845408
0.00739142
0.0110252
0.00947424
0.00811003
0.00775449
0.00841507
0.0299111
0.00839448
0.00763339
0.00355288
0.01013
0.00761622
0.0153862
0.00856149
0.00802829
0.0082834
0.00748977
0.00793242
0.00753794
0.00835337
0.00957424
0.00815346
0.00737942
0.00824337
0.00838097
0.00760643
0.0104901
0.00802307
0.0179162
0.0080097
0.00736243
0.00770876
0.00742216
0.00803617
0.023454
0.00746043
0.0280787
0.00824052
0.0081175
0.00763501
0.00775853
0.00771991
0.00847666
0.00998616
0.0112121
0.00953663
0.00784538
0.00763162
0.00834279
0.00744785
0.0292163
0.00951884
0.0103949
0.00890695
0.00909646
0.00908118
0.00762635
0.00808401
0.0110669
0.00867348
0.00735137
0.008404
0.00815479
0.00750886
0.00753352
0.0340952
0.0165662
0.00896461
0.00786206
0.00733991
0.00805616
0.00850654
0.00766443
0.0202052
0.0075274
0.00782667
0.0686465
0.00683824
0.00759476
0.0103526
0.00775073
0.00762361
0.00744671
0.00757583
0.00805094
0.0159549
0.00995515
0.00917116
0.0079711
0.00750873
0.00894923
0.00920257
0.00732757
0.00745809
0.00780523
0.00747314
0.00785021
0.00858935
0.00889966
0.00831498
0.00730226
0.0074431
0.0124478
0.00852081
0.00802524
0.0074349
0.00867251
0.00850461
0.00938886
0.00802213
0.00773673
0.00794517
0.00878589
0.00947918
0.020458
0.00754648
0.00750648
0.00801297
0.00827299
0.00911195
0.00855627
0.00744151
0.0653608
0.00102568
0.00773569
0.00910526
0.0104096
0.00887887
0.0077638
0.00803069
0.0106964
0.00796971
0.00949321
0.00748052
0.00732318
0.00854839
0.00829258
0.00837942
0.00819933
0.00818472
0.00814564
0.00741227
0.00265664
0.00756023
0.00798864
0.00749653
0.0225865
0.00802011
0.00758689
0.00792829
0.00751595
0.00941296
0.00777134
0.00794226
0.00807515
0.00822567
0.0081293
0.00815137
0.00880317
0.00791968
0.00807127
0.00862059
0.0101617
0.00761096
0.00943922
0.00979852
0.00799602
0.00964594
0.0539449
0.00766298
0.00837292
0.00805127
0.00917414
0.00970745
0.00903747
0.00734749
0.00897472
0.0108899
0.00774024
0.00792556
0.0073689
0.0102387
0.0260464
0.00799996
0.00733779
0.00992671
0.0013661
0.00522649
0.0090825
0.007749
0.00734083
0.00859144
0.0173374
0.0233953
0.00747777
0.00789663
0.00954061
0.00828121
0.00855779
0.0074707
0.00732174
0.00738529
0.00832659
0.00917767
0.00785897
0.00835244
0.11888
0.00793561
0.00766953
0.00801164
0.00827585
0.0091548
0.00735865
0.0249816
0.00733681
0.00765416
0.00765218
0.00862115
0.013906
0.00881116
0.00202302
0.0143768
0.00801364
0.00735226
0.008628
0.00745905
0.00861488
0.104138
0.00774711
0.00887571
0.0591061
0.00808941
0.00418586
0.0128726
0.00889427
0.00877476
0.00747074
0.00866417
0.00731084
0.0164951
0.0151083
0.0380966
0.00765978
0.00803559
0.00807142
0.00966156
0.0100834
0.00418049
0.00748021
0.00790184
0.00823096
0.00737908
0.00828055
0.00764133
0.00908799
0.00776988
0.00783074
0.00474734
0.0080668
0.00889811
0.00901592
0.00826043
0.00738629
0.0076507
0.00756118
0.00829439
0.00461224
0.00738828
0.0402256
0.0103609
0.0190715
0.0120602
0.015088
0.0100471
0.0162238
0.00780656
0.0320063
0.00741599
0.0088863
0.00764862
0.00798765
0.00572989
0.00758989
0.0177076
0.0195029
0.0325379
0.0082054
0.00781818
0.0147891
0.00965724
0.00823938
0.011851
0.00890164
0.00852767
0.00851854
0.00783648
0.00731217
0.00745896
0.00793948
0.00854974
0.00821622
0.00937181
0.00796694
0.00895237
0.00739143
0.00987864
0.00821335
0.00820613
0.00734517
0.00764295
0.0074381
0.0269378
0.00796323
0.0102686
0.0119308
0.00437525
0.00817836
0.0086136
0.00508194
0.0056159
0.00776312
0.0154515
0.0074702
0.00740319
0.0068905
0.00783511
0.00780305
0.0074587
0.00745465
0.00760195
0.00813304
0.00775186
0.00903313
0.00998411
0.00766614
0.00743373
0.00821756
0.00542404
0.00806173
0.00795636
0.00861906
0.0100503
0.00771515
0.00997047
0.00743
0.0077668
0.0156657
0.0075324
0.00868982
0.00896712
0.00879035
0.00764467
0.00730989
0.00753145
0.00767642
0.00796778
0.00854756
0.00743583
0.00979745
0.00918891
0.007977
0.00736946
0.00816631
0.0085049
0.0131653
0.00978732
0.0417784
0.00825395
0.0931842
0.00863672
0.00856933
0.00832266
0.0084811
0.00863084
0.00842605
0.00207323
0.007885
0.00748627
0.0288297
0.00860699
0.0106829
0.00745466
0.0113111
0.0104759
0.0094126
0.0165991
0.00658081
0.00768792
0.00895747
0.00769459
0.00738415
0.00771562
0.00742585
0.00765922
0.00923128
0.0512246
0.0149741
0.0105685
0.00343596
0.0077883
0.007882
0.00751863
0.0086136
0.00826886
0.00744424
0.00760625
0.00866721
0.00752137
0.00882695
0.00764013
0.0183834
0.0075354
0.0199441
0.0155067
0.0103471
0.0164071
0.0077803
0.00733112
0.0172666
0.00818651
0.00850116
0.0175516
0.0768836
0.00895133
0.00754898
0.00171402
0.00765007
0.0498071
0.00748049
0.00792131
0.0185655
0.0080007
0.00773979
0.00746318
0.00819706
0.00749639
0.00795163
0.00758509
0.00140402
0.00734609
0.000310421
0.00858458
0.0116967
0.00777435
0.00788798
0.00831529
0.00788527
0.00673914
0.00794553
0.00758308
0.00909569
0.00874133
0.00847824
0.0155103
0.00734393
0.000318825
0.00865906
0.00842354
0.0207134
0.00940459
0.00981845
0.00803683
0.0108335
0.00752083
0.017682
0.00740709
0.0174871
0.01106
0.00671086
0.0174803
0.00954507
0.00865654
0.00748697
0.00763301
0.00753797
0.00866495
0.0076841
0.00732963
0.00608328
0.00859317
0.00847126
0.00915674
0.00822595
0.00793733
0.0074025
0.00768177
0.00790718
0.00768638
0.0076744
0.00759584
0.0231563
0.00791308
0.00753683
0.00795306
0.00781853
0.00894256
0.0144233
0.00979104
0.00750487
0.00869817
0.00790347
0.000599264
0.00801118
0.00907534
0.000339332
0.00851095
0.0110497
0.00880101
0.00875766
0.0174671
0.00803196
0.00780118
0.00845169
0.000227346
0.0243757
0.00835083
0.0199902
0.00872112
0.0171343
0.00780207
0.00764951
0.0108707
0.00807907
0.00993098
0.0197341
0.00747244
0.00862668
0.0086895
0.00764577
0.00961213
0.00733062
0.00912692
0.00739706
0.00763887
0.00741656
0.00834809
0.00792136
0.00849176
0.0238533
0.00764622
0.0077327
0.00871253
0.00890364
0.0358838
0.00777919
0.00814057
0.00818944
0.00852669
0.00782564
0.007478
0.00785015
0.00820305
0.00809103
0.010004
0.00806359
0.0905325
0.0158807
0.00840849
0.00858117
0.00743561
0.0166263
0.00800623
0.00965751
0.00828607
0.00758093
0.00907634
0.0102759
0.0338671
0.0158814
0.00833339
0.00945365
0.00532661
0.0078009
0.00784005
0.011528
0.0096045
0.00758541
0.0100355
0.00999098
0.0104839
0.00331558
0.00735079
0.0076303
0.00741832
0.0111543
0.00874731
0.00944595
0.00794136
0.00921998
0.00810241
0.019447
0.0207126
0.00857647
0.00756224
0.00809602
0.0075344
0.0079456
0.00783834
0.00749586
0.0105503
0.00753379
0.00736612
0.00771728
0.0037439
0.0294498
0.0171644
0.00818107
0.000971086
0.00813944
0.00820122
0.00765683
0.0160771
0.00892355
0.0144351
0.00829552
0.00880116
0.00883496
0.00794246
0.00744852
0.00761517
0.00884357
0.00981393
0.00868587
0.00810014
0.00751093
0.00824214
0.00765115
0.00733485
0.00898288
0.00810157
0.00770462
0.00737768
0.00785881
0.0102536
0.00785241
0.00815272
0.101276
0.00798949
0.0076108
0.00927247
0.00743604
0.0125189
0.0081474
0.00997348
0.00805573
0.0098798
0.000868343
0.00765019
0.0094017
0.00915656
0.00616756
0.0118468
0.00803103
0.00938045
0.00754408
0.00995383
0.0082847
0.00957106
0.00825366
0.007852
0.00911266
0.00857515
0.00745968
0.00928403
0.0113019
0.0478317
0.0178625
0.0081671
0.00873104
0.00811994
0.016453
0.0100705
0.00831596
0.00813045
0.00773511
0.00758246
0.0145764
0.00746496
0.00765294
0.00774388
0.00746059
0.00762131
0.00752075
0.00865932
0.00800393
0.00814381
0.00208973
0.00953786
0.00778372
0.00804314
0.0142051
0.00740454
0.0082207
0.0073568
0.00915797
0.00881443
0.00815892
0.00738714
0.0204129
0.00522009
0.00979843
0.00760982
0.0260032
0.00853921
0.00845974
0.00829913
0.00799887
0.00821847
0.0161869
0.022468
0.0078425
0.00789012
0.00939126
0.0177435
0.00859235
0.00321219
0.00870813
0.00983121
0.00856433
0.00807348
0.00964967
0.0143372
0.00914116
0.00736072
0.0103321
0.00773726
0.00742871
0.00813447
0.0151917
0.0152124
0.00789183
0.00812762
0.00775669
0.0174717
0.00803653
0.00855579
0.00887321
0.00857818
0.00847158
0.0102793
0.0259531
0.00482915
0.0077749
0.00872541
0.0145916
0.00813328
0.00767655
0.00822835
0.00786853
0.0599778
0.00801549
0.00925018
0.0164757
0.00772283
0.00803271
0.0101791
0.00760029
0.0293962
0.00776128
0.0121433
0.00826638
0.00959731
0.00749643
0.00956909
0.00884568
0.0545184
0.00787197
0.00783118
0.00742234
0.00876759
0.00904987
0.00813179
0.00814665
0.0086913
0.00746681
0.00361344
0.00845245
0.00831371
0.00784849
0.00740757
0.00753293
0.00857951
0.00810571
0.00771075
0.00744081
0.00891031
0.00752657
0.00826089
0.00810493
0.00959539
0.00991792
0.00765681
0.00899935
0.00851029
0.0074259
0.007936
0.00759486
0.00939218
0.0157989
0.0467258
0.00886454
0.00863189
0.0173322
0.00998931
0.00759233
0.00834517
0.00812986
0.008705
0.00921019
0.00807764
0.00807463
0.00873599
0.0211233
0.0145296
0.00806486
0.00822286
0.00874996
0.00784636
0.00756788
0.00447629
0.00847335
0.00777531
0.00756027
0.00730954
0.00972545
0.00824687
0.00610725
0.00891944
0.00769821
0.00763458
0.00926203
0.00870364
0.015865
0.00882719
0.01561
0.00796529
0.00978606
0.00793989
0.000564116
0.00870993
0.01981
0.0101772
0.00806149
0.00808109
0.0103289
0.0146947
0.00827915
0.00735776
0.00873658
0.0084687
0.00803225
0.00762817
0.00832563
0.0182519
0.00774515
0.00908728
0.00900452
0.0517274
0.0314874
0.00983888
0.00751693
0.00783274
0.00745291
0.00842973
0.00770113
0.0074668
0.00811277
0.0116118
0.00786411
0.020948
0.00876295
0.00736235
0.00797149
0.00903733
0.00873553
0.00798245
0.0251354
0.0079488
0.00750006
0.0187695
0.00374755
0.00764419
0.0180903
0.00919156
0.00735098
0.00801366
0.00873175
0.00768705
0.0074242
0.00747914
0.00755004
0.00697912
0.0181382
0.00734023
0.00742904
0.0146404
0.00780666
0.0560616
0.0192992
0.0092075
0.00780051
0.00837578
0.00832602
0.0191932
0.00767918
0.00851257
0.00751629
0.007696
0.00888023
0.00903265
0.00833766
0.0016839
0.00747172
0.00756315
0.0201622
0.00756858
0.00811582
0.00764317
0.00731963
0.0371711
0.00793836
0.00957117
0.00883062
0.0185821
0.00992921
0.00940231
0.00946108
0.00194441
0.00800138
0.0077676
0.0195689
0.00844567
0.011426
0.00823874
0.00826286
0.00812958
0.00776522
0.00835328
0.00835042
0.0169233
0.00763029
0.00991668
0.00861048
0.00906368
0.00865862
0.00811727
0.00802501
0.00738869
0.00800112
0.0165441
0.0078846
0.00744695
0.0170573
0.00937771
0.00735324
0.00803596
0.00737747
0.00754487
0.00973874
0.00767168
0.0637531
0.00932419
0.00738691
0.0078257
0.00874963
0.00821131
0.00744358
0.00866726
0.0120096
0.00785113
0.0184684
0.00555384
0.00882799
0.00819194
0.00859568
0.016803
0.00842201
0.0108144
0.00200645
0.00787837
0.0075135
0.00781496
0.00747376
0.0102961
0.00790576
0.0158165
0.00858495
0.0151437
0.00789558
0.00897696
0.00737954
0.00903763
0.00775914
0.00760573
0.00848177
0.00756429
0.00780398
0.0112774
0.00865731
0.00808039
0.00868927
0.0371956
0.00967617
0.00744336
0.00751096
0.00776495
0.00730657
0.00777002
0.00996928
0.00906749
0.00809131
0.00754703
0.00750922
0.0103396
0.00806329
0.00780374
0.00841846
0.0078303
0.0108129
0.00925159
0.0273774
0.00738999
0.00740126
0.00781507
0.00779576
0.00966463
0.0368201
0.00821401
0.0237939
0.0105883
0.00826221
0.00877356
0.00751842
0.0074528
0.00802743
0.00770779
0.00784539
0.00749075
0.00917362
0.00758001
0.00741085
0.00833639
0.00947433
0.00859056
0.0155251
0.00756236
0.0100998
0.00803299
0.039318
0.00811187
0.00863894
0.00806173
0.00821308
0.0390592
0.00751052
0.00937055
0.00815027
0.00755585
0.00828688
0.00798872
0.00863083
0.0490814
0.00740122
0.0088769
0.0162017
0.00767686
0.00852697
0.00790949
0.0074319
0.00936668
0.00785323
0.0495641
0.00602698
0.00749664
0.00800149
0.00951142
0.00813165
0.0082859
0.00486608
0.00738986
0.00753139
0.0220268
0.00879013
0.00748955
0.0077692
0.0081633
0.00791194
0.00887357
0.00782723
0.00764951
0.0152821
0.00760076
0.00786031
0.00809387
0.00834711
0.00793925
0.00769838
0.0154559
0.0106258
0.0074884
0.00764119
0.00815806
0.0083156
0.00842736
0.00875586
0.0018676
0.00815275
0.00992594
0.00894751
0.00770274
0.0097166
0.0108042
0.00798636
0.00826752
0.00813498
0.0238428
0.0038786
0.0088717
0.008002
0.00871166
0.0107492
0.00789681
0.00863474
0.0166348
0.00769651
0.00763896
0.00777236
0.00899439
0.00771895
0.00823021
0.00790974
0.00743909
0.0115208
0.00955147
0.00739895
0.0078248
0.0226538
0.0265801
0.00775682
0.0111546
0.00819983
0.00107826
0.00780413
0.00958385
0.00948194
0.00779941
0.00744703
0.00900991
0.00735063
0.00910462
0.00743297
0.0305818
0.00808747
0.0244601
0.00932506
0.00756913
0.139094
0.000403116
0.00886344
0.00779442
0.0181277
0.00774085
0.00826763
0.00809075
0.00783504
0.0777352
0.00124102
0.00770342
0.0153826
0.0182364
0.00745755
0.00756916
0.00730906
0.00758466
0.00834543
0.00900302
0.00679543
0.00795856
0.00802332
0.0090015
0.0104387
0.00737016
0.00986477
0.00846031
0.0213974
0.00863405
0.00761482
0.00885636
0.00761122
0.00785218
0.0171297
0.0201588
0.00818597
0.00897157
0.0101724
0.00795288
0.0282627
0.00768699
0.00747637
0.00782132
0.00755445
0.0168563
0.0086976
0.00734212
0.00765166
0.00779426
0.0108885
0.010616
0.00790933
0.0179533
0.0107458
0.0857632
0.00761435
0.00850854
0.00761322
0.00751353
0.0123333
0.00738952
0.00798693
0.00997717
0.00850911
0.00849869
0.0076435
0.00821892
0.00902597
0.0075534
0.00795277
0.0272896
0.00781619
0.00739529
0.00778855
0.00738061
0.00770507
0.00922951
0.0155994
0.00768725
0.00846135
0.00782423
0.0871462
0.00796089
0.0118951
0.00883206
0.00843385
0.00803674
0.00793729
0.021808
0.00819171
0.00739235
0.00859674
0.00761391
0.00750912
0.0301666
0.0178855
0.00996578
0.00792469
0.00737005
0.00988788
0.00769646
0.0076292
0.00808539
0.00772038
0.00739457
0.00873154
0.000738985
0.0976434
0.00972334
0.0247572
0.00857101
0.010125
0.0113447
0.00322567
0.0114034
0.00919078
0.0167817
0.00823151
0.00832636
0.00886572
0.0103761
0.00832001
0.00885344
0.00799101
0.00841999
0.00748919
0.00831453
0.00747504
0.015146
0.00868741
0.00863507
0.00294564
0.00872782
0.00872581
0.0110193
0.00829177
0.0153571
0.00823555
0.00777649
0.0435323
0.00869228
0.00762959
0.00762216
0.00844593
0.00778158
0.0740333
0.00367691
0.00893813
0.0076142
0.0086935
0.00735374
0.0151498
0.0142347
0.00818616
0.00827852
0.00994991
0.00982763
0.125493
0.00806848
0.00733348
0.008075
0.016711
0.0529562
0.00733715
0.00784571
0.00957837
0.00776553
0.0157517
0.00770544
0.00994655
0.00887779
0.00780949
0.0635933
0.0083397
0.0286945
0.0186503
0.0103902
0.00875936
0.00950261
0.00854509
0.00736141
0.00774423
0.00787667
0.00758747
0.0193667
0.00773143
0.0094964
0.00785388
0.00807471
0.00791338
0.0078956
0.0167268
0.0073244
0.00759357
0.00741351
0.00761076
0.0110448
0.0097512
0.0091746
0.00805799
0.00976254
0.00882212
0.00748561
0.00811614
0.00742031
0.00571531
0.0270411
0.00781106
0.0152799
0.00762997
0.0354569
0.00736886
0.00767778
0.00784232
0.00802805
0.00729537
0.0173066
0.00840122
0.00986098
0.00885697
0.0073347
0.00675161
0.0100933
0.00876506
0.00833986
0.00760018
0.0179708
0.00112444
0.00826469
0.0073884
0.0106335
0.00933147
0.00739268
0.00747111
0.0089446
0.00319967
0.00767703
0.010321
0.00975285
0.00844864
0.00929781
0.0161112
0.00899913
0.00807376
0.0102177
0.00745296
0.00769359
0.00843799
0.00914144
0.039992
0.00826703
0.00776427
0.00796976
0.00787007
0.00806496
0.0100706
0.0170457
0.0236507
0.00823158
0.0316043
0.00766074
0.00899213
0.00822172
0.00744339
0.0264579
0.00806647
0.00865842
0.150229
0.0188374
0.00904207
0.00765987
0.00995106
0.0073134
0.00738664
0.0104346
0.00761755
0.00739288
0.00829063
0.00910333
0.00759121
0.00731407
0.00885857
0.00855136
0.00732858
0.00767217
0.0120687
0.0168476
0.0110389
0.0174652
0.00690974
0.00888376
0.00664627
0.0075779
0.0116726
0.0386789
0.0084048
0.00901428
0.0084589
0.00780576
0.00789231
0.00778635
0.000382584
0.00777978
0.00882399
0.0458497
0.0179481
0.00938904
0.00893996
0.00824924
0.00788808
0.00804424
0.0171163
0.00801452
0.00835677
0.0078075
0.00741929
0.00746017
0.0074324
0.0048711
0.00744524
0.00759494
0.0314621
0.00805348
0.00744948
0.00739239
0.00931567
0.00803901
0.00755789
0.00786413
0.00791373
0.00761048
0.000796434
0.00748893
0.0296772
0.00760887
0.00866351
0.00774368
0.00619822
0.00768723
0.00820705
0.00921381
0.0318827
0.00818111
0.00661381
0.00749676
0.0087716
0.00771537
0.00754126
0.00741471
0.00745062
0.0075713
0.010561
0.007888
0.0081836
0.00806
0.00812639
0.00886918
0.00768297
0.00798872
0.0103178
0.10789
0.00947399
0.00806963
0.0268811
0.00740771
0.0204469
0.00865489
0.00908649
0.00769429
0.00699829
0.00870926
0.00845302
0.00859931
0.0260552
0.00458331
0.00954317
0.00807387
0.00762353
0.00784638
0.00929154
0.00805714
0.00939649
0.00866105
0.0178077
0.00810023
0.00786762
0.00746779
0.00737538
0.019272
0.00856177
0.00777725
0.00865148
0.00987791
0.0180327
0.00909948
0.0102481
9.89277e-05
0.00852204
0.010055
0.00906456
0.00378655
0.00528292
0.00730904
0.007412
0.00861367
0.00784374
0.00870086
0.00752564
0.00933791
0.00747177
0.0111885
0.00850585
0.00847601
0.00758922
0.0161613
0.027222
0.00791587
0.00781044
0.00812302
0.00732392
0.00795632
0.00749956
0.00800083
0.00759689
0.00873798
0.00857708
0.00773121
0.00388705
0.00746464
0.00785541
0.0076312
0.00928153
0.0916205
0.00868701
0.00952717
0.00733339
0.0073294
0.0078009
0.00780002
0.0815604
0.00803083
0.0080305
0.00917213
0.0137454
0.00880845
0.00912209
0.0107597
0.0112291
0.00747339
0.00905208
0.00776972
0.23327
0.0102587
0.00764434
0.0191018
0.00848112
0.00841394
0.00771246
0.00973897
0.00790676
0.0578922
0.00915555
0.00735068
0.00874488
0.00738182
0.00806617
0.00746537
0.0086822
0.0100458
0.00761861
0.00776341
0.0074679
0.00821846
0.00817958
0.00855113
0.00822157
0.00744291
0.00759545
0.00796482
0.00876012
0.00888116
0.00772227
0.0177057
0.040225
0.00790153
0.0170827
0.00749815
0.0094507
0.00847731
0.0084166
0.00791503
0.00904786
0.00391889
0.00813039
0.00769036
0.0126653
0.00860842
0.00732574
0.0152815
0.0146043
0.0074285
0.00778454
0.00775659
0.00861236
0.00743067
0.010023
0.0383386
0.0159978
0.159067
0.01511
0.00907122
0.00773939
0.00960865
0.0160363
0.00874731
0.00749314
0.00794582
0.00792299
0.00769912
0.00809223
0.00775421
0.00961766
0.0139007
0.00777132
0.00762611
0.00750354
0.0080791
0.00965059
0.00978242
0.00733538
0.0107371
0.00798488
0.00739448
0.00810162
0.00802794
0.00830952
0.0105304
0.0151271
0.0180687
0.00768093
0.00916033
0.00865242
0.00732298
0.00826484
0.00763623
0.00835547
0.00911561
0.00802362
0.00396279
0.00774588
0.0162633
0.00825826
0.00995427
0.00781778
0.0229849
0.00770034
0.0141574
0.00989152
0.0104069
0.00770044
0.0243757
0.0201365
0.00733461
0.0078872
0.0191771
0.00752627
0.00832662
0.00752182
0.0163486
0.0088845
0.00853067
0.00833719
0.00744619
0.00764267
0.00903506
0.00747879
0.00775506
0.0110298
0.00792573
0.00922787
0.00880846
0.00803036
0.00839989
0.00866578
0.0151894
0.00076635
0.00791497
0.00736328
0.00756717
0.00820698
0.00971303
0.00932936
0.0167213
0.00844157
0.00738109
0.00782014
0.00751341
0.00785171
0.00928328
0.00248124
0.00869498
0.00761519
0.00810289
0.00774872
0.00800785
0.00738502
0.00757995
0.0076516
0.00772427
0.0085951
0.00887927
0.00842995
0.0086977
0.00773919
0.0443817
0.00855119
0.00102532
0.0164114
0.00735675
0.0115734
0.00767582
0.00837578
0.00793207
0.00776824
0.00770541
0.00736064
0.00762886
0.00759742
0.0105367
0.00799307
0.00779128
0.00862639
0.00757558
0.00995207
0.00471196
0.00756217
0.00776834
0.00912982
0.0199396
0.00860858
0.00786368
0.00882739
0.00750147
0.00776737
0.0537021
0.00796929
0.00794186
0.0080114
0.0372835
0.00734109
0.0374118
0.0166516
0.0143332
0.00768727
0.0187896
0.00836488
0.0073934
0.00886053
0.00945812
0.00946561
0.0341074
0.0075186
0.0111843
0.00901387
0.00755513
0.00925779
0.00765777
0.0304815
0.00787745
0.023971
0.00751448
0.00870152
0.0079632
0.00975419
0.00818172
0.00790887
0.0116993
0.00810434
0.00826425
0.00788766
0.00833446
0.00732452
0.00743545
0.0408448
0.00735497
0.0320231
0.00802141
0.0110703
0.00756875
0.00794678
0.00852417
0.00768094
0.008361
0.00832376
0.00808645
0.00763899
0.0441902
0.00836522
0.009201
0.00925876
0.00431261
0.00840738
0.00904392
0.00595199
0.00796496
0.00857795
0.007611
0.015075
0.00797422
0.00780133
0.0216956
0.00780639
0.00735154
0.0082051
0.0240777
0.00769668
0.00732849
0.00745379
0.0162773
0.00876533
0.00947857
0.044757
0.00917515
0.00749796
0.00824164
0.000271206
0.010294
0.00863635
0.00750981
0.0079294
0.00939332
0.00735657
0.00846417
0.00744566
0.00177973
0.0297077
0.00908206
0.0161877
0.00742867
0.00880786
0.00800049
0.00856142
0.00769152
0.00782023
0.00733719
0.004012
0.00765323
0.0075837
0.0077794
0.00733573
0.0080824
0.0184242
0.00861542
0.0018123
0.0052867
0.0144894
0.00784063
0.00448302
0.00767584
0.00756159
0.00956921
0.00743938
0.00773686
0.00821067
0.00741606
0.00764434
0.0087678
0.0342339
0.00862207
0.0209746
0.00774227
0.00620084
0.00910882
0.0146257
0.00755878
0.008323
0.00755518
0.00781331
0.00767808
0.00605335
0.00268527
0.00767565
0.0107905
0.00732549
0.078975
0.00755457
0.00733756
0.00760226
0.00742086
0.00752729
0.00541889
0.00833653
0.00817034
0.0262069
0.00890878
0.00745378
0.007805
0.0164225
0.00817305
0.0136844
0.00804375
0.0320213
0.00740946
0.00837842
0.00832902
0.0160243
0.00867429
0.00948383
0.0136534
0.00933791
0.0215724
0.00773684
0.00742058
0.00692932
0.00686832
0.00911338
0.0211934
0.00733223
0.00829094
0.00778978
0.00754475
0.00814539
0.00753564
0.0148115
0.00736056
0.00806172
0.0099261
0.00931007
0.0100538
0.00751464
0.00742005
0.00786752
0.00798882
0.0342518
0.00838899
0.00731306
0.00380866
0.00804747
0.00742617
0.00761873
0.00776881
0.00841345
0.00351267
0.00815109
0.00582741
0.00803743
0.00911469
0.00815388
0.00866301
0.008803
0.0082059
0.00859058
0.00835324
0.00780099
0.00803209
0.00734221
0.0163385
0.00780146
0.00763423
0.008362
0.00916145
0.0115244
0.00818975
0.0178566
0.0235102
0.00989958
0.0076136
0.00797406
0.00785235
0.00762649
0.010461
0.0586492
0.00758687
0.00804445
0.0078995
0.00751626
0.0073409
0.00808854
0.00737017
0.0017726
0.0075969
0.00752884
0.00870818
0.0178433
0.0270131
0.00757377
0.00826531
0.00760122
0.00758759
0.00841062
0.00752111
0.00833695
0.00806179
0.00779979
0.00806884
0.00784346
0.00832531
0.00863601
0.00793652
0.00777612
0.0082564
0.00764284
0.010075
0.0589373
0.00748849
0.00782849
0.0113443
0.00735392
0.0211479
0.00743885
0.0152448
0.00987176
0.0485435
0.00890711
0.00887691
0.00743964
0.00759444
0.0251876
0.00819564
0.0101496
0.00990155
0.00731431
0.00773047
0.00844221
0.00769252
0.0075124
0.00978818
0.00793236
0.00742809
0.00764634
0.00919085
0.008073
0.00867462
0.00962596
0.00844331
0.00792865
0.0081338
0.00754858
0.00802707
0.00802989
0.00747825
0.007428
0.00907434
0.00813723
0.00782323
0.00895594
0.00776366
0.00738471
0.00494608
0.0201156
0.00275255
0.00734639
0.00839975
0.00776483
0.0074762
0.00742854
0.00858565
0.00791062
0.00809103
0.00888308
0.00892368
0.0075134
0.00733255
0.00813418
0.00753831
0.0274236
0.0081379
0.00776099
0.0391964
0.00790763
0.0171482
0.00981967
0.00884199
0.0076309
0.00782706
0.00197626
0.00916394
0.00938687
0.00741105
0.00872724
0.0563039
0.0380582
0.0102554
0.00951928
0.00390834
0.00839434
0.0170254
0.00759563
0.0180154
0.0163818
0.0181564
0.00778739
0.00830965
0.00780364
0.00850863
0.00792151
0.00817365
0.00805664
0.0074083
0.00768508
0.00790934
0.00765209
0.0104193
0.0151778
0.0159311
0.0082395
0.0088071
0.0561855
0.00859609
0.0102254
0.000615339
0.0618413
0.00792741
0.00984088
0.00781844
0.00902957
0.0151949
0.00972536
0.00780831
0.00789868
0.00059951
0.00870494
0.00864172
0.00862906
0.00845958
0.00794948
0.00737542
0.00885429
0.00745136
0.00758289
0.00783456
0.00742643
0.00799784
0.00891688
0.00921091
0.00773829
0.0128411
0.00798643
0.00887478
0.00923862
0.00741433
0.0106801
0.00861829
0.00984622
0.00750302
0.0101049
0.00799378
0.0290507
0.00768673
0.00824718
0.00737398
0.00761992
0.010235
0.0088547
0.00742437
0.00784973
0.00779535
0.00809525
0.00798456
0.00878535
0.0103093
0.00737752
0.00958566
0.00654725
0.00748505
0.00735226
0.00743203
0.00934569
0.00785282
0.00845076
0.00757803
0.00755455
0.015058
0.00824439
0.0199755
0.00890571
0.0781372
0.00863423
0.00757947
0.00834007
0.0102482
0.00913994
0.00819466
0.00806356
0.00632327
0.0175201
0.00925073
0.00759712
0.00884383
0.00752023
0.00778424
0.00836442
0.00731426
0.00919793
0.00907273
0.0075087
0.00774265
0.00747197
0.0077922
0.0079169
0.00451978
0.00731736
0.0852172
0.00816443
0.00762839
0.00792483
0.00808094
0.00767395
0.00809169
0.00913162
0.00920502
0.00751535
0.00872257
0.0161039
0.0077876
0.00974662
0.00785306
0.0139544
0.00782787
0.00734704
0.00773901
0.0164729
0.00734131
0.00928442
0.00921691
0.00807438
0.00797384
0.00731825
0.00820882
0.0073273
0.0112717
0.00281152
0.00822101
0.00833242
0.00760089
0.0102153
0.00778371
0.008064
0.00841873
0.00949864
0.0082544
0.0285635
0.00930172
0.0081308
0.00954075
0.00802301
0.00781792
0.0076933
0.0083266
0.00761395
0.00735751
0.0036886
0.00821837
0.0076553
0.00818115
0.0177928
0.00812687
0.00782119
0.00757096
0.00538553
0.00776497
0.00505958
0.00806038
0.00853891
0.0075672
0.00791724
0.00979642
0.00792258
0.00831194
0.00755834
0.0164941
0.0094504
0.00904029
0.00989752
0.00751925
0.0110035
0.0109177
0.0202797
0.00778237
0.00809769
0.00992
0.0082861
0.00829335
0.00782514
0.00751961
0.00788101
0.0111398
0.00757774
0.00640057
0.0133549
0.00817946
0.0402997
0.00762486
0.00880866
0.00821501
0.00738337
0.00731066
0.00821085
0.00805024
0.00744286
0.0088828
0.00783106
0.00852759
0.010931
0.00765618
0.00745202
0.00847086
0.00740922
0.0236772
0.00852674
0.00769466
0.00737132
0.0178827
0.0644226
0.00846292
0.00868335
0.0091426
0.00782444
0.0075535
0.0101621
0.00911645
0.00773582
0.00852709
0.00766202
0.0078941
0.00781578
0.0086732
0.00756627
0.258676
0.00836598
0.0293606
0.00744545
0.00520629
0.00765684
0.00776287
0.00787573
0.00819577
0.00509869
0.00731963
0.0095565
0.00739105
0.00740424
0.00814851
0.00770088
0.00807472
0.00822139
0.00791649
0.00962444
0.00759139
0.00758836
0.00754143
0.00784015
0.0101934
0.0074751
0.00825993
0.00746001
0.00954334
0.0245933
0.0386482
0.00782703
0.00732555
0.00830485
0.013295
0.00833952
0.00768188
0.00835514
0.00759842
0.0139649
0.0168579
0.00883343
0.00736128
0.0151799
0.00927947
0.00732109
0.00755401
0.0148329
0.00805435
0.007597
0.00836815
0.00870469
0.027167
0.00809804
0.00959235
0.00808337
0.00796438
0.00760823
0.00837375
0.00843489
0.00946319
0.00814591
0.00964814
0.00809326
0.00976028
0.0174823
0.00733773
0.00889284
0.00847601
0.00764433
0.0165996
0.00773963
0.00127393
0.00914914
0.00454177
0.00770452
0.00821365
0.0208307
0.00556736
0.00747312
0.0144255
0.00853114
0.00753331
0.00804548
0.00756885
0.00737193
0.0080296
0.00861572
0.00852786
0.0092367
0.00743822
0.00868728
0.00781012
0.00785827
0.0380258
0.016035
0.00869623
0.00875739
0.00763242
0.00411778
0.00855827
0.00856286
0.00761394
0.00795573
0.02051
0.00126396
0.0073659
0.00822956
0.00777217
0.00798452
0.00770669
0.00988544
0.00808592
0.00965292
0.0069969
0.00796289
0.00779828
0.00837379
0.00930817
0.00762547
0.00775094
0.0075986
0.00823661
0.00799063
0.00229693
0.00766228
0.00851843
0.0147342
0.0222961
0.0081534
0.00772739
0.00796598
0.00778931
0.00754401
0.00812136
0.00834344
0.00857276
0.00789392
0.00775441
0.00751755
0.0224644
0.00760521
0.0116456
0.00781547
0.00779545
0.00820787
0.00854435
0.0081954
0.00733704
0.00760518
0.0102519
0.00732406
0.00932563
0.00534635
0.00899883
0.0154332
0.00907912
0.00837968
0.00844903
0.00785759
0.00791814
0.0485074
0.00882414
0.00797832
0.00966617
0.00772509
0.019882
0.00787371
0.00840785
0.00761413
0.00783583
0.00580127
0.00994408
0.00916238
0.00846141
0.00753853
0.0140112
0.0089521
0.00748509
0.00750383
0.00936354
0.00860162
0.00834095
0.00771624
0.00735978
0.0402057
0.00768657
0.00837688
0.00821796
0.00212376
0.00892684
0.0076707
0.0285238
0.0077012
0.00736412
0.00786925
0.00816136
0.00836296
0.00930991
0.0074598
0.00891468
0.011665
0.00888103
0.017484
0.0257023
0.03611
0.0148404
0.00853088
0.00200461
0.00836888
0.00830023
0.000196149
0.00959313
0.00742635
0.00782211
0.0092944
0.0205141
0.00538204
0.00732371
0.00827658
0.00740975
0.00832574
0.00775347
0.00746045
0.0142841
0.00889832
0.0079608
0.0093097
0.00904529
0.0074613
0.00778124
0.00956161
0.00990362
0.00891789
0.027866
0.00741505
0.0084951
0.00731625
0.00732962
0.00899896
0.00744984
0.00816958
0.0102672
0.00734777
0.00736579
0.00799951
0.00767065
0.00922815
0.00780224
0.00733883
0.00762127
0.0076172
0.00770198
0.00901473
0.0101163
0.007808
0.0139256
0.00800151
0.00996354
0.00750399
0.00738188
0.000520683
0.0074734
0.00801242
0.0100718
0.00847516
0.00977691
0.00856911
0.00900293
0.0101081
0.0203428
0.00769725
0.00734375
0.00772516
0.00932736
0.00846172
0.00792057
0.00795021
0.0109584
0.00842873
0.00732264
0.0155023
0.00826287
0.0177075
0.00765345
0.00771171
0.00757388
0.00776322
0.0108042
0.00876859
0.00886504
0.011448
0.00872301
0.00806938
0.00989223
0.00878035
0.00855374
0.00794325
0.00947294
0.00790241
0.00738728
0.00762592
0.00760975
0.00765042
0.00791728
0.00808743
0.00887094
0.0101797
0.00824844
0.00760014
0.00054321
0.00968678
0.00732935
0.0101764
0.014335
0.00774374
0.0144604
0.00840704
0.00812456
0.00923981
0.00743661
0.00979186
0.00862891
0.0442602
0.0152319
0.00762081
0.00746551
0.00828426
0.00801645
0.00737541
0.00854279
0.00755368
0.00761801
0.00788217
0.0176071
0.00822026
0.000518587
0.0114815
0.00810027
0.00774403
0.00806421
0.00786151
0.00857075
0.0087044
0.00831593
0.0163904
0.0106542
0.0092122
0.00744067
0.00795371
0.00774117
0.00929562
0.00924024
0.00821287
0.0177066
0.00867774
0.00891074
0.00808633
0.00751851
0.00773981
0.0073131
0.00819062
0.00792015
0.00766194
0.00856378
0.00731374
0.00757068
0.00749388
0.00780086
0.00782307
0.0110377
0.00813905
0.00877542
0.00913888
0.00877994
0.0153088
0.00770458
0.0219183
0.00741457
0.00811746
0.0074807
0.00768379
0.0277629
0.00972082
0.00822768
0.00931327
0.00786538
0.00703802
0.012731
0.00957489
0.00766612
0.00803664
0.00751461
0.0415627
0.0245157
0.00753038
0.00866549
0.00919206
0.0111408
0.00799802
0.0159737
0.00735914
0.00920989
0.00776993
0.00961395
0.00173213
0.00844272
0.00994782
0.0195734
0.0101504
0.00755793
0.000861159
0.000198224
0.00787595
0.00846522
0.0075774
0.0176483
0.00768386
0.0107545
0.00739927
0.00802333
0.00837663
0.00912872
0.0118116
0.00858729
0.0105791
0.00918031
0.00819192
0.007799
0.00824583
0.00822362
0.00928782
0.00905613
0.00757795
0.00982475
0.00838888
0.00846162
0.000468233
0.00769202
0.0103663
0.00912924
0.00825408
0.0134884
0.0104599
0.00851358
0.00865642
0.0077351
0.016815
0.00751194
0.00798679
0.00819336
0.00776127
0.0149188
0.00790687
0.00764763
0.00779252
0.00891989
0.0103787
0.00737855
0.00744417
0.0078656
0.00778443
0.00792796
0.00735459
0.00744442
0.023675
0.0076572
0.00776226
0.00873371
0.00745388
0.00567127
0.0073388
0.00861467
0.00773608
0.00792967
0.00776744
0.00755821
0.0159554
0.00995004
0.00889043
0.0308799
0.0101419
0.0074532
0.00935083
0.00741339
0.0109861
0.00842349
0.0073551
0.0374586
0.00800929
0.0174555
0.0081587
0.00408932
0.00149498
0.00863254
0.00905862
0.00779919
0.00856216
0.022324
0.00801904
0.0192678
0.0154283
0.00904062
0.00771192
0.130543
0.0166276
0.0367077
0.00794222
0.0139273
0.00773845
0.00772957
0.0559252
0.00934457
0.00900049
0.000100693
2.99582e-05
0.0173486
0.00749496
0.00769487
0.00896091
0.00744396
0.00867852
0.0166328
0.00749288
0.00738845
0.00749431
0.00843928
0.00750594
0.00804608
0.00837987
0.00743688
0.0097904
0.00829014
0.00776644
0.00846159
0.00838175
0.00783722
0.00846899
0.00945659
0.0159234
0.00826075
0.00822976
0.0101988
0.0149728
0.0077794
0.0102766
0.00924853
0.00810882
0.00747965
0.00281424
0.00757596
0.00742927
0.00814434
0.00742563
0.00889341
0.00739761
0.00794936
0.0151644
0.00856197
0.00771988
0.022979
0.00789968
0.00743342
0.00522987
0.0181483
0.00770771
0.0200762
0.00859639
0.014268
0.00881268
0.00738404
0.00997457
0.007308
0.00744325
0.00809551
0.00900958
0.0584229
0.00857419
0.0101631
0.00977992
0.0232079
0.00775951
0.0080412
0.00801224
0.00834926
0.00731732
0.010327
0.00738465
0.00965534
0.00825041
0.00984648
0.0290339
0.00758281
0.00976589
0.00244194
0.00768798
0.00795714
0.00794707
0.00783729
0.00731698
0.00812062
0.00785773
0.00870848
0.00781118
0.00784525
0.00750764
0.00732198
0.00847559
0.00315364
0.00747642
0.00822345
0.00852349
0.00748182
0.00738851
0.00836182
0.0111593
0.0089499
0.00814794
0.0111912
0.00815577
0.00772451
0.063235
0.00743833
0.00955053
0.00755797
0.00749416
0.0140473
0.0344809
0.00731819
0.00789003
0.00773328
0.00829871
0.00893602
0.00768861
0.0266516
0.00744372
0.00738338
0.00775638
0.00920401
0.0613269
0.0166164
0.00613669
0.00747802
0.0084604
0.00934162
0.00893104
0.00890612
0.00959552
0.00816322
0.00895432
0.00783362
0.0198862
0.00778241
0.00751957
0.00802595
0.00829541
0.00827731
0.00733608
0.00775331
0.00793972
0.00751935
0.0225652
0.00945574
0.0200867
0.0250539
0.00725051
0.0104567
0.0139966
0.00786765
0.0225918
0.00732656
0.00752716
0.00787375
0.00782139
0.00742075
0.00895133
0.0081509
0.00736129
0.00759307
0.00843627
0.00741722
0.00848883
0.00817488
0.00821784
0.00848141
0.0103864
0.00982102
0.00746777
0.00782763
0.0051088
0.010539
0.00779655
0.00875311
0.00917189
0.0142637
0.00737792
0.025797
0.00806873
0.0101571
0.00783911
0.00815991
0.00916843
0.00739295
0.00734228
0.010787
0.0387946
0.00798811
0.00762855
0.0074984
0.00810923
0.00887641
0.00892439
0.00376509
0.00850391
0.00837858
0.00758482
0.00743503
0.0103847
0.00883187
0.00236473
0.0103676
0.00745636
0.00738161
0.00798313
0.00822342
0.0074771
0.00750195
0.122447
0.00737207
0.00908401
0.00765985
0.00847323
0.0078772
0.0154326
0.00811783
0.010966
0.00831393
0.0091866
0.00915998
0.00766636
0.00731721
0.00886986
0.00772616
0.00741213
0.0122135
0.00745039
0.00960686
0.00760444
0.00810416
0.0095862
0.0074493
0.0116485
0.00836921
0.00770242
0.00787452
0.00742044
0.0101462
0.00827564
0.00839593
0.00969208
0.00818367
0.0125971
0.00738145
0.00760361
0.00749059
0.00747394
0.000495027
0.00739198
0.00842928
0.00831572
0.0087547
0.00951693
0.0103677
0.00800937
0.0158169
0.00752022
0.00893013
0.00838842
0.00777244
0.00331287
0.00896727
0.00980945
0.00836457
0.00776135
0.00928962
0.00870077
0.0784879
0.0107983
0.0352498
0.00777257
0.0283057
0.00763092
0.00239537
0.00748626
0.00772401
0.00809399
0.00783599
0.0371394
0.00480755
0.0106384
0.00764302
0.0093621
0.00835969
0.00730755
0.00823625
0.00771576
0.00732098
0.00913798
0.00984005
0.0178245
0.00871237
0.0084103
0.00109166
0.0102743
0.0111577
0.00916127
0.0128615
0.00858788
0.00892094
0.00875568
0.00929921
0.00823444
0.00904861
0.00914734
0.019104
0.0151213
0.00785114
0.00783488
0.00800739
0.0105623
0.00888116
0.00759854
0.00812958
0.0081988
0.00972517
0.00791877
0.0209215
0.00754675
0.00752779
0.00824044
0.00828098
0.00736294
0.00847344
0.00859184
0.0203652
0.00742787
0.0073127
0.00817813
0.0084612
0.00810093
0.00770073
0.00752547
0.0073197
0.00736106
0.00823932
0.00757587
0.00799039
0.0107461
0.00763634
0.0258813
0.00752476
0.0180716
0.00734788
0.0177303
0.00800086
0.00887068
0.00774759
0.0106684
0.00841404
0.00806421
0.00791363
0.0180712
0.0074943
0.0088289
0.00748783
0.0105815
0.00792556
0.00770745
0.00894569
0.00829263
0.0977269
0.00762664
0.115244
0.00835777
0.00994157
0.00882538
0.00896436
0.00804266
0.00734425
0.00743718
0.00829556
0.00776948
0.00800029
0.0203575
0.00945516
0.00897502
0.00772892
0.0179171
0.00766704
0.00748421
0.00817025
0.00874864
0.00731482
0.0177604
0.00775885
0.008023
0.00762002
0.00811128
0.00771981
0.00768089
0.00865402
0.00824905
0.00810536
0.0187704
0.00733325
0.00809637
0.0112234
0.00763218
0.0108456
0.0187062
0.0102338
0.00796758
0.00886945
0.00916987
0.00782399
0.244188
0.00811506
0.00765697
0.00748829
0.00892278
0.0164106
0.0088821
0.0349619
0.0107908
0.00761991
0.0100677
0.0083987
0.00798656
0.00801768
0.00830156
0.00834452
0.0611276
0.00873092
0.00791465
0.00876005
0.00881783
0.00761838
0.00779206
0.0083074
0.0100658
0.00745647
0.00413683
0.00920033
0.0079677
0.00752467
0.0101219
0.00766271
0.00910851
0.00796712
0.0463911
0.0713888
0.0106424
0.00797255
0.00829469
0.00814948
0.00781462
0.016858
0.00754569
0.00905324
0.00834628
0.00762832
0.100434
0.00761724
0.0188158
0.0020569
0.00844303
0.0104369
0.00862827
0.0398504
0.0063354
0.00887681
0.0074224
0.00915974
0.00803208
0.00759805
0.00265342
0.0101495
0.00879435
0.00769271
0.00887434
0.00753136
0.0161227
0.00798224
0.0075873
0.00739974
0.00754257
0.00760073
0.00809703
0.00749049
0.0208343
0.0112884
0.0084793
0.00849268
0.00773677
0.00740167
0.00871085
0.00426375
0.0107042
0.00794849
0.0187545
0.00860269
0.00842624
0.00881398
0.00357769
0.00771492
0.0082335
0.00759782
0.00831339
0.00795802
0.0082555
0.00750717
0.0112661
0.00788546
0.00799907
0.00741605
0.00779124
0.00975289
0.00821606
0.0086937
0.00832475
0.00832629
0.00771337
0.00876354
0.00860239
0.0089538
0.0073585
0.00830777
0.0097267
0.00833554
0.00733263
0.00873986
0.00793077
0.00761606
0.00770093
0.00754327
0.00811238
0.00858995
0.00965887
0.0099973
0.00799919
0.0083825
0.00811712
0.00783936
0.00916051
0.00762251
0.00801106
0.00988024
0.00732185
0.00787219
0.00957013
0.00859285
0.00789537
0.00746129
0.00754437
0.00773079
0.0292236
0.00843252
0.0068034
0.00867995
0.0126979
0.00984695
0.00845094
0.00780118
0.00760033
0.00785252
0.00864818
0.00271264
0.0315595
0.00814778
0.0100806
0.00750638
0.00995047
0.00893125
0.00730789
0.0083055
0.0165804
0.00918939
0.00741664
0.0081933
0.014795
0.110153
0.0163868
0.00781303
0.0081616
0.0199783
0.00925761
0.0338153
0.00908797
0.00925304
0.00811189
0.00841133
0.157379
0.0178502
0.0163622
0.00755547
0.013745
0.00819594
0.00740884
0.00993458
0.0194403
0.00898459
0.00772491
0.00830287
0.00749879
0.00970304
0.00782403
0.00809315
0.00782251
0.00823998
0.00915427
0.00792619
0.0155056
0.00773644
0.00845994
0.00788093
0.00736022
0.0207758
0.0119801
0.00733696
0.00802089
0.00755692
0.00785795
0.00310493
0.000105042
0.00750919
0.00790576
0.203672
0.142329
0.00834789
0.00957682
0.00768294
0.00866871
0.00777288
0.00737334
0.00944405
0.00750316
0.00747695
0.00785912
0.00793414
0.00816883
0.00765108
0.00894585
0.00835065
0.0200504
0.00968936
0.0156506
0.00764498
0.00812573
0.0076453
0.0144712
0.00807908
0.010209
0.00832524
0.00888694
0.0078391
0.0214675
0.0044272
0.00885202
0.00911102
0.00736759
0.0251437
0.00826578
0.00746835
0.00870138
0.0396949
0.00953448
0.00759817
0.0073294
0.00737046
0.00765879
0.00830675
0.00854152
0.00739103
0.0160031
0.00946901
0.00759669
0.00886293
0.000231171
0.0246775
0.0096714
0.00765374
0.00138256
0.00854934
0.00888553
0.00757269
0.00899406
0.00931181
0.0109657
0.00791682
0.00850879
0.0280444
0.00736579
0.00734455
0.0157312
0.0287645
0.00753752
0.00757044
0.00779349
0.00767097
0.00947254
0.00768415
0.00789038
0.00976263
0.0251289
0.0158173
0.00865036
0.00830531
0.00818005
0.0090872
0.00778404
0.00730762
0.00774113
0.0158773
0.00977106
0.0107991
0.00763939
0.00744118
0.00815194
0.00775235
0.00788436
0.00744269
0.00876299
0.0136177
0.000588467
0.00815903
0.0079382
0.00769957
0.00872622
0.0076936
0.00755755
0.00621219
0.00787007
0.00823907
0.00826194
0.00880294
0.0208483
0.0073282
0.155596
0.00765955
0.00745174
0.0153117
0.0174584
0.00758248
0.00762573
0.00747883
0.00796699
0.0112202
0.00801086
0.00923724
0.00779928
0.00804075
0.00786338
0.00777258
0.0150526
0.00880261
0.00981167
0.00548915
0.00810036
0.00735646
0.0110153
0.00878735
0.00933059
0.00757637
0.00822213
0.000441943
0.00776797
0.00740307
0.010368
0.00989109
0.00748313
0.00966054
0.00762425
0.00848204
0.0083272
0.00794289
0.0166306
0.015373
0.00495102
0.00874764
0.0096564
0.0105294
0.0158556
0.0197523
0.00346507
0.00902758
0.00840374
0.00835681
0.00822742
0.0144509
0.00753386
0.00836415
0.0040073
0.00936318
0.0100448
0.00813407
0.00742808
0.0109609
0.00824016
0.0229582
0.0197923
0.00771472
0.0105583
0.0082183
0.0167532
0.0102056
0.0411464
0.00924585
0.00791948
0.00947883
0.00867094
0.00737522
0.00744537
0.0040865
0.00787636
0.00739877
0.016124
0.00816651
0.0026775
0.00861339
0.00872838
0.0177677
0.00754509
0.0102201
0.0262574
0.00917042
0.00770824
0.00888657
0.00810873
0.00751813
0.00355738
0.00742952
0.00800902
0.00825394
0.0274524
0.00809737
0.00761415
0.00734426
0.0121574
0.00829672
0.00788981
0.00747978
0.00847961
0.00748144
0.0147005
0.0091004
0.0159896
0.00796677
0.00748919
0.00740786
0.00912681
0.00743635
0.00860856
0.0077745
0.00796474
0.00798385
0.00770107
0.00949199
0.0192611
0.0234381
0.0105232
0.00813098
0.00801537
0.00788287
0.00736726
0.016271
0.0799152
0.00804852
0.000102042
0.010173
0.0143407
0.00731163
0.00854975
0.00799748
0.0090745
0.00984659
0.00943541
0.00930723
0.00942362
0.00745641
0.0578644
0.00747303
0.00747977
0.00780401
0.011017
0.0083149
0.00805346
0.0101729
0.0084475
0.00821094
0.00862792
0.0073797
0.00924688
0.013713
0.00864522
0.00739455
0.015691
0.0073895
0.0181013
0.0147676
0.00813527
0.00740367
0.00792784
0.00939692
0.0107332
0.00828415
0.00805253
0.00773681
0.00753684
0.00731663
0.000779105
0.00743425
0.00952319
0.00789138
0.00978465
0.007212
0.00971294
0.0138772
0.0103921
0.0075767
0.00817877
0.0468451
0.00894163
0.00912343
0.00777213
0.00785606
0.018591
0.00793961
0.0152616
0.0076214
0.00826331
0.00737241
0.00877304
0.00892183
0.00806323
0.00795103
0.00790646
0.00866538
0.0213883
0.0207464
0.00920444
0.0194939
0.00995904
0.00449231
0.0118208
0.00827354
0.00811077
0.0183676
0.00841409
0.00794405
0.00806629
0.00755617
0.00800875
0.0103841
0.00851812
0.00223717
0.00850869
0.00776187
0.00862351
0.00741583
0.0139151
0.0506676
0.00887185
0.00931021
0.0179879
0.00813866
0.00745367
0.00890066
0.00777098
0.00828354
0.00776463
0.00873914
0.00765733
0.018448
0.010129
0.0073677
0.00757045
0.00931741
0.00746676
0.00868983
0.00772316
0.00836149
0.0158597
0.00760874
0.00743577
0.00744296
0.0142804
0.0147509
0.00742925
0.00844924
0.077675
0.00754486
0.00813071
0.00931313
0.00788359
0.0083046
0.00786083
0.00733829
0.0092865
0.0107581
0.00756814
0.0233782
0.00809837
0.00757484
0.0935532
0.00819612
0.0080894
0.00741388
0.0182054
0.00874665
0.00945925
0.00839819
0.00749603
0.0102816
0.00797435
0.008233
0.00792933
0.00376207
0.00734658
0.00734709
0.0075471
0.00468673
0.00945258
0.00857993
0.0108325
0.00837838
0.00974519
0.0706126
0.00741873
0.00758723
0.00905537
0.00746692
0.00753411
0.00767297
0.00865156
0.0079557
0.0077539
0.00753179
0.00891586
0.00832594
0.00959633
0.00769514
0.00524068
0.01036
0.00784772
0.0323235
0.0180639
0.00750982
0.00855921
0.00938956
0.00744086
0.00784098
0.000223232
0.0018585
0.00980731
0.00986107
0.00803008
0.0151623
0.00827032
0.00794118
0.00971016
0.0094148
0.00891649
0.0090064
0.00978124
0.00438193
0.00943889
0.00770184
0.00737478
0.00801669
0.00844046
0.00747638
0.0090566
0.00832731
0.00765168
0.0156682
0.00987273
0.00809276
0.00843402
0.00901724
0.00213123
0.017915
0.0108159
0.00907387
0.00915411
0.00571054
0.00779796
0.00756225
0.0180307
0.00771177
0.0288756
0.00783769
0.00795176
0.0106132
0.00780935
0.00753541
0.00202097
0.0080235
0.0301703
0.00747661
0.007797
0.00921072
0.00895118
0.00769892
0.00731898
0.00836634
0.0081561
0.0600383
0.0082896
0.00759097
0.00740355
0.00740168
0.00751853
0.011803
0.00733871
0.00801379
0.00768662
0.00772881
0.00828969
0.00764795
0.00206158
0.00827825
0.00810488
0.00745217
0.00756268
0.137662
0.00825505
0.00804808
0.0221609
0.00730163
0.00748575
0.00752912
0.00741838
0.00856606
0.00950689
0.0773922
0.00296152
0.00765597
0.00855639
0.0159216
0.00741605
0.0176739
0.0075513
0.00843165
0.00739859
0.0168479
0.00855545
0.00869241
0.00867014
0.00875781
0.00750259
0.0106855
0.00757621
0.0195853
0.0109187
0.00919714
0.00895562
0.00749601
0.0105048
0.00784289
0.018864
0.00781823
0.00680729
0.00758845
0.00787014
0.0078775
0.00855813
0.00831927
0.0074241
0.00922943
0.00849122
0.00742944
0.0094967
0.0281968
0.00872732
0.00733066
0.00834669
0.00956535
0.0198951
0.00781858
0.0101358
0.00772682
0.00827784
0.00810098
0.00836451
0.00845894
0.127825
0.00837648
0.0097749
0.0083893
0.00754734
0.00524477
0.00788461
0.00879937
0.00787556
0.008254
0.00172066
0.00778053
0.00785799
0.00735895
0.00782413
0.00780901
0.00780813
0.0480591
0.00753039
0.00751571
0.0074334
0.0081783
0.00882752
0.0483849
0.00776563
0.00910169
0.00861262
0.00767998
0.00742418
0.00995613
0.00927899
0.124131
0.00876385
0.00772818
0.00793101
0.0173702
0.00747466
0.0173621
0.0109259
0.0090644
0.00116075
0.00759946
0.00859787
0.00802366
0.0073794
0.00803097
0.0080254
0.000727108
0.0105189
0.00769138
0.00794183
0.0105248
0.0115393
0.00838877
0.0179418
0.00941134
0.00805379
0.00910206
0.00771715
0.00799064
0.00814268
0.00756692
0.010666
0.00884076
0.00759093
0.010951
0.103329
0.00876616
0.00852837
0.00774688
0.00823217
0.00989764
0.0310605
0.00902182
0.00769563
0.00846428
0.00735398
0.0103029
0.0082936
0.00799691
0.0102444
0.00784269
0.00772251
0.0107275
0.00822592
0.00784203
0.0178839
0.00768979
0.0140997
0.00772043
0.00874834
0.00769571
0.00753356
0.00735056
0.00828506
0.00750985
0.00810583
0.00756759
0.00837747
0.00782717
0.0097329
0.00976471
0.0103001
0.00788122
0.00930311
0.00731737
0.0075254
0.00842058
0.00824511
0.00775601
0.00918567
0.00787626
0.00862108
0.00814031
0.00752874
0.00803645
0.00791372
0.00213405
0.00765983
0.00944661
0.00836677
0.035763
0.0164859
0.00738838
0.0198926
0.0117707
0.00809493
0.00793215
0.00788425
0.00775094
0.00790387
0.00909321
0.00818918
0.0106417
0.00772691
0.00802154
0.00921866
0.00746383
0.0087604
0.00736684
0.00861657
0.00837063
0.00750895
0.0083345
0.00761794
0.00738161
0.016323
0.00926578
0.00858264
0.00756802
0.00926537
0.00542086
0.00556534
0.00781199
0.00796238
0.00839171
0.00876473
0.00824741
0.00438553
0.00765151
0.00821493
0.00781178
0.00949655
0.0162777
0.00540373
0.00750178
0.00861618
0.00710384
0.00864889
0.00978343
0.00746515
0.00924321
0.0538112
0.00845448
0.00852982
0.00764755
0.00791675
0.0413982
0.00730695
0.00881401
0.0155187
0.00753487
0.00864221
0.00906265
0.00759077
0.0106724
0.0141966
0.00758023
0.00742015
0.00865862
0.0411179
0.00796025
0.00801691
0.00793921
0.00766338
0.00861568
0.00759123
0.00451166
0.00750982
0.0090731
0.00737985
0.00733732
0.00828354
0.000670155
0.00787716
0.00787247
0.00732638
0.00745469
0.009052
0.00810535
0.00796209
0.00814103
0.0301297
0.00759892
0.00774458
0.0106094
0.00824911
0.00878322
0.0187537
0.0073104
0.00799002
0.0300757
0.00803341
0.00912514
0.00801633
0.00746576
0.00753472
0.00738681
0.00874235
0.0956865
0.00854875
0.00732148
0.00745983
0.0103405
0.0085496
0.00843615
0.0187022
0.0154941
0.00755294
0.00735904
0.0129161
0.00839638
0.00733094
0.0080172
0.0084149
0.0215303
0.00732286
0.00790923
0.00754446
0.00980697
0.0107688
0.00905832
0.00737286
0.00744065
0.0493708
0.00744378
0.00757697
0.00761682
0.00746309
0.00731998
0.0158582
0.00814994
0.00830377
0.00306634
0.00168331
0.000996972
0.00980727
0.00997107
0.00735094
0.00946365
0.00911581
0.00757398
0.0243668
0.00845523
0.00756303
0.0103813
0.00736549
0.0324228
0.0642533
0.00888446
0.00898491
0.00738892
0.00818357
0.00935562
0.00699865
0.00938883
0.00800789
0.00750609
0.00916431
0.00858338
0.00793012
0.00826356
0.00707832
0.00764093
0.00831339
0.00820946
0.00743387
0.0079945
0.00794497
0.00323029
0.0221012
0.00770045
0.00820858
0.00792645
0.00781876
0.00773092
0.0094728
0.00826234
0.0171971
0.00982254
0.00785147
0.117543
0.00938392
0.0159117
0.00675849
0.00955521
0.0835778
0.00837184
0.00768812
0.00806425
0.00038573
0.00801298
0.0316497
0.0082492
0.00739171
0.00272389
0.0189321
0.00907712
0.00805703
0.00768783
0.0109819
0.0214379
0.00887744
0.0392345
0.00767484
0.00940837
0.00817474
0.0120714
0.0120458
0.00776576
0.0167939
0.00174905
0.00462576
0.0106921
0.00747921
0.0174353
0.00736985
0.00821817
0.000874191
0.00993573
0.00813461
0.00810106
0.00926413
0.00837287
0.00795822
0.0093616
0.0188605
0.00834468
0.0089804
0.00744608
0.00791744
0.00984336
0.00735756
0.00915412
0.00810968
0.0212779
0.0079937
0.00771447
0.00839056
0.00510957
0.00828191
0.00773829
0.00734577
0.00756819
0.00733937
0.00825538
0.0294959
0.011437
0.0033225
0.00775488
0.00737663
0.00965569
0.010543
0.00760952
0.00789474
0.0558626
0.00737384
0.00900452
0.0241367
0.00783267
0.00746057
0.00820455
0.0199255
0.00957389
0.00818865
0.00744398
0.00911717
0.00934102
0.00839047
0.00853741
0.00765346
0.00806646
0.00813983
0.009678
0.00919829
0.000671171
0.00849759
0.00815659
0.00145444
0.00850359
0.0075097
0.0247478
0.0230113
0.00744389
0.00875406
0.00735082
0.00868038
0.00950691
0.00828694
0.00737034
0.0250737
0.00911452
0.0111307
0.0103372
0.00958514
0.0075149
0.00785994
0.0098107
0.00948342
0.0114732
0.0100686
0.00751559
0.00747398
0.00763139
0.00644473
0.00768982
0.00800768
0.0110961
0.00780028
0.00971252
0.00826788
0.00871193
0.0224303
0.00926599
0.00882846
0.00880534
0.00844824
0.00813886
0.00770553
0.0208822
0.00738909
0.00739095
0.00852597
0.00358931
0.019852
0.142097
0.00794997
0.116529
0.0157894
0.0274505
0.00836637
0.00969656
0.00747757
0.00769764
0.009713
0.00762902
0.096689
0.0078477
0.00779212
0.00758496
0.016129
0.0240001
0.00758352
0.00777472
0.0159567
0.00734251
0.00756768
0.026561
0.0152754
0.00817221
0.00747899
0.0076299
0.00936924
0.0075341
0.00805095
0.00774719
0.00789433
0.00962904
0.00733421
0.010308
0.00808812
0.00817024
0.00856591
0.00801182
0.00878272
0.00778577
0.00901746
0.00982004
0.00767086
0.00978374
0.00839178
0.00839611
0.010048
0.00770913
0.00941828
0.00990266
0.0073747
0.00789885
0.00790299
0.0490713
0.00796975
0.0107722
0.00873154
0.0144683
0.0142781
0.013677
0.00859727
0.00845469
0.00747148
0.0074384
0.00853463
0.0107839
0.00797966
0.014633
0.00782981
0.0074694
0.00804335
0.00755858
0.00746769
0.0257225
0.00796865
0.00795894
0.00795703
0.00784456
0.0088645
0.00827476
0.00739068
0.0086366
0.00869154
0.0171324
0.0141661
0.00734511
0.00805928
0.00737856
0.00956068
0.00837135
0.0291272
0.00437071
0.00759497
0.00751902
0.00777666
0.00760842
0.00776554
0.00905807
0.008182
0.00834258
0.0081245
0.00741678
0.00926881
0.0211528
0.00803895
0.00836328
0.00769715
0.00807598
0.009505
0.010436
0.00762103
0.00825722
0.00753095
0.00780428
0.00756718
0.0164575
0.00842357
0.0073278
0.00814045
0.0108371
0.00894882
0.00747283
0.00751679
0.00907765
0.00840633
0.00874014
0.00768458
0.00735613
0.0183136
0.00819909
0.00737111
0.00843719
0.00751396
0.00778649
0.00852819
0.00755543
0.000183868
0.00908867
0.00880652
0.0104857
0.00770678
0.0084016
0.0111415
0.00958413
0.00787474
0.00771335
0.00837256
0.00551346
0.00792548
0.00824412
0.00737804
0.00928614
0.00734517
0.00877792
0.00799224
0.0166745
0.0058226
0.00761521
0.00495056
0.00912234
0.00830139
0.0079616
0.00913868
0.00914368
0.00844406
0.00759728
0.0080173
0.0374339
0.00782455
0.00767147
0.00763988
0.00895095
0.0117754
0.00782613
0.00911856
0.00955326
0.00780064
0.00974453
0.00733509
0.00734121
0.00776872
0.00761985
0.00794254
0.0078457
0.00595531
0.00838432
0.00871131
0.0181528
0.00754133
0.00956224
0.00777403
0.00748165
0.00786693
0.00748831
0.00837642
0.00754262
0.00735394
0.00756521
0.00775496
0.00832097
0.00743777
0.00732948
0.00787224
0.00458068
0.00800763
0.008237
0.00867302
0.0343677
0.00766583
0.00804917
0.00753933
0.00782165
0.00732973
0.00836896
0.00796652
0.0078408
0.0319877
0.00920029
0.00808279
0.00769783
0.00749016
0.0109251
0.00778085
0.00795184
0.0080484
0.010132
0.00813676
0.00750957
0.00200787
0.00806304
5.01841e-05
0.00203539
0.00878662
0.00903082
0.0792229
0.00821665
0.007876
0.00748826
0.00870443
0.00744288
0.00795263
0.00814791
0.00952825
0.00749799
0.0115318
0.00786212
0.00825737
0.00864901
0.0157778
0.0098065
0.00737699
0.00832103
0.00756146
0.00764234
0.0157224
0.00861409
0.00152313
0.00747766
0.00746828
0.00960918
0.00797123
0.00763205
0.00775687
0.00779264
0.00832986
0.0108317
0.00940491
0.0103723
0.0149819
0.00932359
0.00778735
0.0103394
0.00943454
0.00734679
0.0200627
0.00760087
0.00865958
0.00768518
0.0109527
0.00813609
0.00660534
0.00770153
0.00782454
0.0202569
0.00837557
0.00793942
0.00806352
0.00733093
0.00741983
0.0159585
0.00824232
0.00148424
0.00832303
0.00886713
0.00863751
0.0073926
0.00947621
0.00769068
0.00789055
0.0147613
0.012218
0.0193741
0.0104238
0.00791227
0.00794288
0.00745376
0.00773133
0.00780459
0.00818153
0.00841138
0.00738567
0.00732395
0.00827583
0.00878601
0.00766043
0.00952443
0.00763198
0.0095431
0.00830643
0.00800687
0.0277213
0.00745953
0.00856132
0.00795374
0.00847509
0.00759214
0.0127981
0.00774503
0.00764124
0.121342
0.00736714
0.00755423
0.00753772
0.0091055
0.00962551
0.0100882
0.0108563
0.00836365
0.00795325
0.00909592
0.00934103
0.00730655
0.00795213
0.00889816
0.0075848
0.0077072
0.00848041
0.0138583
0.00761624
0.00879429
0.0170385
0.00956418
0.00742096
0.0103792
0.00767286
0.00802621
0.0181471
0.0312921
0.010057
0.00893345
0.0107618
0.00810959
0.00816195
0.00760532
0.00733442
0.0085404
0.00976495
0.0309751
0.00808886
0.00844087
0.00745549
0.00746748
0.0150515
0.00882424
0.00775774
0.00853387
0.000981867
0.009809
0.00788129
0.0170852
0.00884227
0.00750475
0.0081977
0.00824767
0.00905055
0.00842531
0.0479378
0.00995288
0.00915702
0.00779186
0.00833464
0.0154846
0.0089083
0.0100003
0.00906693
0.00862009
0.00795399
0.00770083
0.00821911
0.00915158
0.00935253
0.00736024
0.00769927
0.00777946
0.00755987
0.00828079
0.00801181
0.00795813
0.00823682
0.00731606
0.0121811
0.00906732
0.00862283
0.00802154
0.00925763
0.0104464
0.00809616
0.00778664
0.00765392
0.00830485
0.00801131
0.0077929
0.0346572
0.0084782
0.00737986
0.00846038
0.00824918
0.00799624
0.0074163
0.00754432
0.00737719
0.00740111
0.00784183
0.00796413
0.00738865
0.0104993
0.0107855
0.00764332
0.0108287
0.00788791
0.00743161
0.0855938
0.0337816
0.00732192
0.0040416
0.0155636
0.00740385
0.00756398
0.00963266
0.0075096
0.0162213
0.00743652
0.00747872
0.00907202
0.00957544
0.00782129
0.00953205
0.00738417
0.00853282
0.00797264
0.0088348
0.020503
0.00834971
0.008091
0.00914757
0.0148222
0.0111922
0.00845659
0.0339366
0.00870721
0.00808417
0.0083283
0.0145274
0.00858925
0.00131222
0.0103426
0.0074486
0.00746609
0.00878543
0.00790881
0.061842
0.00839087
0.00770652
0.0078294
0.00129963
0.0084272
0.00814131
0.0177533
0.00852213
0.00874778
2.12528e-05
0.00826813
0.00749469
0.00798456
0.0081334
0.0110126
0.00731364
0.0106928
0.0282071
0.00921954
0.00786415
0.00841708
0.00741198
0.00823145
0.0085962
0.00738712
0.00771274
0.00486565
0.0260723
0.00880842
0.00317646
0.00886232
0.00781015
0.0258947
0.00814406
0.00873704
0.0167583
0.018576
0.0078197
0.00961124
0.0254993
0.00764489
0.00784639
0.00863
0.0141059
0.00737986
0.00843126
0.00759862
0.00850411
0.02502
0.183028
0.00917106
0.00735942
0.00753378
0.00795643
0.00869536
0.00747103
0.00896138
0.00733195
0.00802869
0.00872542
0.0083827
0.00849578
0.0179029
0.0222376
0.00734069
0.00364652
0.00838824
0.00845464
0.00839644
0.0171123
0.00765805
0.00800024
8.63123e-05
0.00763611
0.0428394
0.00760719
0.0104866
0.00795533
0.00741502
0.00876979
0.00853483
0.00565086
0.000352615
0.00879207
0.00919031
0.0103163
0.00789751
0.007413
0.00879365
0.0247064
0.00768053
0.00856146
0.111084
0.00862059
0.00845196
0.00858755
0.00768868
0.00805876
0.0109449
0.0190412
0.00858216
0.00828636
0.00929821
0.0287168
0.00812442
0.00816111
0.00898748
0.00731234
0.00904637
0.00814205
0.00733265
0.00764065
0.00808249
0.00809585
0.0192346
0.00732482
0.00788504
0.00919101
0.00840736
0.00829397
0.00519664
0.00945918
0.00814152
0.00772118
0.00927849
0.016757
0.00927344
0.00742052
0.0079276
0.030722
0.015029
0.00963329
0.0080625
0.00750668
0.0140374
0.00779632
0.00828638
0.00905692
0.00731148
0.00843811
0.0601377
0.00766252
0.0141611
0.00859396
0.00958729
0.00988948
0.00831343
0.0074639
0.00844133
0.0155567
0.0073333
0.00738852
0.00757227
0.00841682
0.00732683
0.00797712
0.00735664
0.0362068
0.00774442
0.0111536
0.0100235
0.00777219
0.00846
0.00864395
0.0405547
0.00879472
0.0104428
0.00895226
0.00759644
0.00763975
0.00870535
0.00959997
0.114228
0.00742636
0.00764946
0.0080099
0.00773689
0.00733212
0.00885285
0.00179278
0.0304705
0.00996531
0.00831374
0.00738414
0.00957574
0.00829889
0.00899616
0.00750668
0.00831755
0.00813867
0.00770579
0.0080626
0.00812358
0.00896542
0.0820649
0.00758074
0.00763705
0.00870632
0.00821816
0.0084816
0.00848957
0.00747623
0.00761591
0.0077229
0.00785594
0.00802407
0.0078349
0.00774303
0.00787038
0.00974672
0.0154762
0.00750414
0.00835031
0.00741068
0.00765573
0.010008
0.000931559
0.00838848
0.00731695
0.00840452
0.00149978
0.0149417
0.00753421
0.00982037
0.00814927
0.00144419
0.00752744
0.0100298
0.0142609
0.0189441
0.010856
0.00731482
0.0442563
0.00829292
0.00875505
0.0165815
0.0273904
0.00830596
0.0095744
0.00993314
0.00934133
0.00763603
0.00830275
0.0100301
0.00762657
0.00794287
0.0634003
0.00748798
0.00779985
0.00766232
0.0099099
0.00880982
0.00764474
0.00734479
0.00792369
0.00822357
0.00895489
0.0102169
0.00805856
0.00843296
0.00746501
0.00822108
0.0091109
0.00731463
0.00854439
0.0140079
0.0107035
0.0079379
0.00903195
0.00566461
0.00743793
0.0083052
0.00793986
0.00842078
0.0103938
0.00973718
0.00793536
0.00802318
0.00734146
0.00786309
0.0147421
0.0482319
0.0189553
0.020304
0.00863124
0.0165589
0.0083262
0.0243249
0.00761602
0.0080141
0.0112574
0.00810303
0.0077216
0.00889598
0.00904758
0.00813685
0.00734855
0.00795891
0.0080153
0.00776868
0.00736354
0.00766296
0.00751975
0.00759552
0.00735143
0.00864442
0.00789723
0.00209315
0.00839594
0.00828804
0.00760333
0.00903659
0.00870076
0.0166457
0.00807241
0.00753667
0.010545
0.0235504
0.00736822
0.0179378
0.00743051
0.00745859
0.0201493
0.00755822
0.00968401
0.00800566
0.00742568
0.00129312
0.0224964
0.00858795
0.0185447
0.00833374
0.00423381
0.0089318
0.00754397
0.00756186
0.00739205
0.00759501
0.0179912
0.00851205
0.00873737
0.0144858
0.00865806
0.00819971
0.151664
0.00776735
0.00756353
0.00750418
0.00921498
0.00894034
0.00741455
0.00810049
0.00811146
0.00746795
0.00892775
0.00764854
0.0236501
0.0269859
0.00797447
0.00822428
0.00889932
0.00778244
0.00803273
0.00901883
0.00935927
0.0102122
0.00775557
0.00754197
0.00756426
0.00756501
0.00890971
0.00811473
0.00827692
0.00881052
0.00788635
0.00735976
0.00919673
0.0273844
0.00255745
0.0091237
0.00813674
0.05438
0.00730665
0.00757614
0.00892062
0.00906419
0.0079081
0.00935801
0.00742211
0.00859288
0.00791905
0.00628126
0.0078043
0.00894672
0.00812152
0.00763048
0.00826059
0.0251926
0.00825384
0.00979872
0.0089855
0.00906885
0.00770301
0.00844695
0.00925265
0.00781621
0.00198751
0.00798077
0.00731295
0.00761446
0.00755014
0.00813769
0.0103342
0.00640181
0.0121606
0.0168733
0.00811528
0.0079795
0.00992325
0.00894725
0.00827916
0.00740339
0.0142489
0.00763381
0.00987794
0.00789434
0.00789102
0.00784174
0.0076042
0.0082701
0.00788936
0.000820739
0.00558529
0.0217876
0.00978375
0.015229
0.00849825
0.00782481
0.00734282
0.00901868
0.00896623
0.00845985
0.00780054
0.0174218
0.00874904
0.00746958
0.00761552
0.00877275
0.0103347
0.00771895
0.0073721
0.0376377
0.00758989
0.0361483
0.00904403
0.00861337
0.0109308
0.00905583
0.00754496
0.00799363
0.00989361
0.00793111
0.0167738
0.00832665
0.00824411
0.00784394
0.00752618
0.00735484
0.0107304
0.00856677
0.00780206
0.00835223
0.00846022
0.00753188
0.0079304
0.00823076
0.00918964
0.00777783
0.00743246
0.00778143
0.00778189
0.00741375
0.00827365
0.00739546
0.0080152
0.00765089
0.00858212
0.007575
0.0169709
0.00965095
0.0214613
0.00928051
0.0189373
0.00790676
0.00959409
0.00900107
0.00791923
0.0028279
0.0171321
0.00832395
0.00795939
0.00842071
0.00776338
0.007524
0.00784648
0.0105351
0.00851567
0.0101247
0.00883173
0.00796073
0.00787184
0.0092764
0.00860512
0.0113283
0.00838722
0.00730674
0.00734733
0.00761819
0.00798524
0.00822967
0.00786108
0.00859249
0.00753469
0.00735752
0.00761411
0.00872682
0.00863979
0.00802329
0.00735768
0.0105221
0.00740917
0.00790028
0.00546624
0.00767296
0.00739188
0.00733738
0.0838583
0.00908558
0.010984
0.00785221
0.0149535
0.00206075
0.00747933
0.00530235
0.00751762
0.00787535
0.00734149
0.00783207
0.00932126
0.00954911
0.00824156
0.00860487
0.00743925
0.00739167
0.011614
0.00763927
0.0099556
0.00857073
0.00810322
0.00792529
0.00804204
0.00748924
0.00930158
0.00766839
0.0230836
0.0106311
0.00927549
0.00789189
0.0786817
0.0078134
0.00807462
0.00762573
0.00746424
0.000430136
0.00781848
0.00855924
0.00795348
0.0076249
0.0212614
0.0076307
0.00984872
0.00869845
0.0216121
0.0185243
0.00788081
0.00752042
0.00897997
0.00837259
0.00782445
0.00762065
0.0105038
0.00329682
0.00833799
0.00763102
0.00900333
0.00783846
0.00940669
0.00747172
0.00863895
0.0155927
0.00820552
0.0232117
0.00840616
0.0846681
0.00776275
0.00946284
0.00815378
0.00858015
0.0189498
0.00740643
0.00828204
0.00938538
0.00354028
0.00730765
0.0145982
0.00930344
0.00791163
0.00876175
0.00815163
0.00786114
0.012503
0.00745667
0.00802011
0.00819006
0.00817
0.00769865
0.00751531
0.00849134
0.00857098
0.0213602
0.00804457
0.00855913
0.00750768
0.0079197
0.0086701
0.00732148
0.00761461
0.00827738
0.0172316
0.00749302
0.0089916
0.0169494
0.0151473
0.00946998
0.0089788
0.2582
0.00764686
0.00732492
0.00825619
0.00752169
0.00845267
0.00799629
0.00951436
0.0113841
0.007321
0.00842113
0.00780743
0.00852172
0.0396614
0.00763262
0.00859487
0.00883013
0.00784771
0.00904441
0.00830074
0.00776766
0.00895208
0.0075736
0.0100715
0.024349
0.00985664
0.00735383
0.0087943
0.0074573
0.00926741
0.0519347
0.00741825
0.00757915
0.0084416
0.00836059
0.0174097
0.00939948
0.00777647
0.00887489
0.00742627
0.00731375
0.00788426
0.00905145
0.00733574
0.00769119
0.00767237
0.00795756
0.00905724
0.00782062
0.00733646
0.00730942
0.00801022
0.00813151
0.00766888
0.0171631
0.00783446
0.007345
0.00733446
0.007485
0.00766291
0.00750805
0.00738011
0.00743956
0.00737181
0.00916291
0.0107031
0.009297
0.00970887
0.00683732
0.00766581
0.00853052
0.00763376
0.00769465
0.00918974
0.00771694
0.00829692
0.00755168
0.00770267
0.00171704
0.00545667
0.008911
0.0142488
0.00739223
0.00880487
0.00127919
0.00737603
0.00857164
0.00797305
0.00920984
0.016224
0.00880411
0.0208114
0.00747736
0.0085335
0.0084088
0.0230451
0.00559977
0.00775349
0.00879945
0.00796321
0.00786173
0.00785001
0.00746922
0.00965407
0.00883248
0.0111311
0.00765553
0.00908672
0.00563768
0.00773312
0.00919496
0.123601
0.00469008
0.010705
0.00427647
0.0248358
0.00956745
0.00836442
0.00937255
0.00799752
0.0078404
0.00784658
0.00765932
0.00975115
0.017865
0.00980482
0.00802321
0.0084037
0.00756201
0.0222768
0.00772227
0.00744668
0.00753193
0.00821209
0.0144495
0.0075717
0.00841801
0.0197422
0.00747136
0.0080361
0.0193792
0.0101058
0.00973442
0.00795069
0.00743501
0.00839168
0.000656598
0.00796878
0.00853997
0.00739979
0.00941489
0.0092648
0.00930325
0.0440747
0.00752225
0.00821906
0.00858867
0.00852245
0.0110404
0.0104706
0.00878848
0.00839833
0.00936504
0.00752482
0.00903152
0.00773541
0.00943308
0.0084171
0.00799321
0.00819864
0.00860732
0.00793539
0.00796047
0.00985868
0.00748172
0.00958359
0.00137752
0.00746403
0.00737113
0.00789562
0.00960334
0.00801568
0.00752826
0.00750225
0.00781254
0.00864189
0.0221445
0.0105684
0.00735179
0.00580041
0.00783897
0.00812083
0.0102383
0.00762409
0.00755318
0.00752059
0.00906333
0.0097439
0.00754541
0.00866151
0.0114685
0.00840915
0.00306042
0.0425923
0.00959971
0.00793226
0.00779647
0.0152943
0.00828497
0.00875612
0.0102202
0.00863087
0.0073125
0.00773784
0.010363
0.00802661
0.00772415
0.0155875
0.00986994
0.00831141
0.0155659
0.00582088
0.0121524
0.00758751
0.00754056
0.0260125
0.00749348
0.018702
0.0085697
0.00788007
0.009531
0.00925348
0.0208281
0.00817678
0.0074486
0.00814846
0.00823493
0.008411
0.00763899
0.00852435
0.00770281
0.0110128
0.00849368
0.0325516
0.0074364
0.0170447
0.00796813
0.0100452
0.00795735
0.00770024
0.0630251
0.0383083
0.00823406
0.00134829
0.00282111
0.00849699
0.0905614
0.00751383
0.00768008
0.007567
0.00912932
0.00447589
0.00771341
0.0265229
0.00781512
0.00769605
0.00820071
0.00743511
0.00787275
0.0115413
0.00732755
0.00733382
0.00770175
0.00740743
0.0111806
0.00796299
0.0112885
0.00847883
0.00859663
0.0175519
0.0675779
0.0123312
0.00855065
0.00928463
0.0088972
0.0111369
0.00760646
0.00933784
0.0096866
0.00838817
0.00759374
0.00819798
0.0092154
0.00750202
0.00832216
0.00762657
0.0078459
0.00897505
0.0073565
0.00751471
0.00990853
0.0996024
0.000481416
0.0222811
0.00743581
0.00817272
0.00754583
0.0073575
0.00776899
0.00839714
0.0091592
0.0266374
0.00770694
0.009542
0.00799608
0.00759434
0.00865881
0.00742067
0.00765268
0.00731271
0.00768955
0.010419
0.00871574
0.0628896
0.0104988
0.00747243
0.00790727
0.00895617
0.00836145
0.00765392
0.00981782
0.0099925
0.0284298
0.00794991
0.00905301
0.0057217
0.0103912
0.00786318
0.00504316
0.0512299
0.0154046
0.00927111
0.0160438
0.00873832
0.00807519
0.0100993
0.00732196
0.00845734
0.00970496
0.00771536
0.00957689
0.0108133
0.00892614
0.00927416
0.0350834
0.00994723
0.00749108
0.00954249
0.0085252
0.00893457
0.00878371
0.00879964
0.00780273
0.0108527
0.00780328
0.00812467
0.00745798
0.00758207
0.00740757
0.00758661
0.00841432
0.00735957
0.00883746
0.00751559
0.0075826
0.00852008
0.0074976
0.0871018
0.0027988
0.0151888
0.00964442
0.00746183
0.0111108
0.00742459
0.00735854
0.0100716
0.0296846
0.00787388
0.00823799
0.00829447
0.00787358
0.0104503
0.00763157
0.00736276
0.019673
0.00772132
0.0277272
0.00833922
0.00789662
0.00913712
0.00780255
0.0065986
0.007828
0.00808719
0.014047
0.00816161
0.0463082
0.00734052
0.00840285
0.0074179
0.00777381
0.00748262
0.00739499
0.00837487
0.00740417
0.00763244
0.00957313
0.00800642
0.0112042
0.00733403
0.00887812
0.00843322
0.00747165
0.00804528
0.00785774
0.0209402
0.00851365
0.00837877
0.00866958
0.00788017
0.00832302
0.00843807
0.00749366
0.00858912
0.00751916
0.00769521
0.00750279
0.0337119
0.00811676
0.00791952
0.00817977
0.00792834
0.00493939
0.00800031
0.00828455
0.0159362
0.0633767
0.00883466
0.00772735
0.00774198
0.0104336
0.0100156
0.00791194
0.00748819
0.00789875
0.00895168
0.00183359
0.00770051
0.0103335
0.0190405
0.0075063
0.00751542
0.00731011
0.00738652
0.00900452
0.00731318
0.00770563
0.00747046
0.00973677
0.00736476
0.0103559
0.00902435
0.00980868
0.00755188
0.00755808
0.00994758
0.00810976
0.00882276
0.00897926
0.0076477
0.0351015
0.00879686
0.00732446
0.00884939
0.008597
0.00845445
0.0077105
0.00745257
0.00900615
0.00879635
0.00782089
0.0807786
0.100204
0.00779304
0.000433056
0.00898031
0.00840544
0.00753145
0.070954
0.0081566
0.00806332
0.010233
0.00761161
0.00857763
0.00801328
0.0200881
0.00943078
0.00826713
0.00948277
0.00882012
0.0076839
0.00752125
0.00743735
0.0110168
0.00773438
0.00817039
0.00867458
0.00803557
0.00734806
0.00917947
0.00732682
0.00989177
0.00771791
0.0161702
0.00967813
0.00966484
0.00984903
0.00866639
0.00780944
0.0036204
0.0234164
0.008928
0.00268636
0.00746565
0.00794779
0.00765268
0.0113456
0.00735973
0.00805051
0.00925229
0.00943881
0.00815234
0.00807775
0.00821224
0.0178938
0.00739663
0.0696972
0.00762557
0.110843
0.0862651
0.0724606
0.0309479
0.00976058
0.00920932
0.00772237
0.00291791
0.00887077
0.00772235
0.00816593
0.00785176
0.00802312
0.0162406
0.00735612
0.00913097
0.00773376
0.114315
0.00837117
0.00858345
0.00748951
0.00809797
0.016963
0.00735428
0.00772814
0.00812299
0.019753
0.00759202
0.0094799
0.0180949
0.0156144
0.00775889
0.0424588
0.0107405
0.0149066
0.00743937
0.00997928
0.00779422
0.00936999
0.00747973
0.00811487
0.0086641
0.00845266
0.00758845
0.0107481
0.00874255
0.00846029
0.00737036
0.00276228
0.00920993
0.0077898
0.00807346
0.0101478
0.00791084
0.00749013
0.0079865
0.00816578
0.0169991
0.00829658
0.0080553
0.00896974
0.00756663
0.00757317
0.0075309
0.00827192
0.00766744
0.00863896
0.0108175
0.0076016
0.00806519
0.00734316
0.00734644
0.00749277
0.00823335
0.00811842
0.0159221
0.00790338
0.00736763
0.00760308
0.0077403
0.00825833
0.00757614
0.0312398
0.00743947
0.00795747
0.0150904
0.0109749
0.00810098
0.00867607
0.00792967
0.00884334
0.0237964
0.0341337
0.009208
0.00808775
0.00772491
0.00737722
0.00608258
0.00826759
0.00758953
0.00790127
0.00760987
0.00780408
0.00781263
0.00887836
0.0109144
0.00769726
0.00799642
0.0104773
0.0157407
0.00977878
0.00770715
0.00748593
0.00762413
0.00817752
0.0614222
0.00885975
0.00800203
0.00789685
0.00851068
0.0075881
0.00735342
0.0100294
0.00214516
0.00879804
0.00898795
0.00769925
0.00826812
0.0332429
0.00831439
0.00965062
0.00760699
0.00774362
0.00828916
0.0101739
0.00747906
0.00741935
0.00735658
0.00946667
0.00809543
0.00734613
0.00752928
0.0088924
0.00802456
0.00793845
0.00762919
0.0181492
0.00166394
0.0193532
0.00851902
0.00845486
0.00340575
0.0109287
0.0081592
0.00822007
0.00774924
0.00766035
0.00934388
0.00946555
0.0089451
0.0151727
0.00807623
0.00746158
0.00917088
0.00838223
0.00828632
0.00811814
0.00731655
0.00755984
4.30797e-05
0.0097882
0.00858725
0.00834955
0.00843027
0.00762779
0.0221241
0.00984506
0.0209693
0.00744683
0.0168055
0.00850745
0.0100872
0.00747141
0.00996787
0.00761355
0.00782661
0.0136623
0.00774726
0.0181046
0.00771638
0.0552598
0.00757416
0.00395433
0.00936305
0.00943801
0.00603569
0.00795971
0.00769014
0.00855544
0.00773194
0.00842348
0.00777783
0.00839551
0.00968555
0.00834132
0.00187278
0.00810837
0.00813919
0.00755523
0.00931174
0.00871762
0.00907758
0.00995318
0.00810693
0.0156
0.00774232
0.00753427
0.00753161
0.00138988
0.00755829
0.00744267
0.00997961
0.0421544
0.00825468
0.00846078
0.00900456
0.00759044
0.0075147
0.00788982
0.00799912
0.00782571
0.0157892
0.0157179
0.00760973
0.00818507
0.00977075
0.00782563
0.00170169
0.00955473
0.0106952
0.00939091
0.00749294
0.00730714
0.00808291
0.00858776
0.00744107
0.00808543
0.00761208
0.00780087
0.00924814
0.00860679
0.00796139
0.00731963
0.0104489
0.00774721
0.0352469
0.0225717
0.0181119
0.0032917
0.00966779
0.0105725
0.0086388
0.00742386
0.00814407
0.007466
0.00824036
0.0075776
0.00804486
0.0095559
0.00860616
0.00814434
0.00798883
0.00208062
0.007334
0.00753809
0.00735028
0.0081227
0.00777072
0.00468136
0.0086311
0.00942915
0.00906493
0.00239601
0.00765125
0.00732034
0.0090149
0.00802256
0.00775379
0.00806441
0.00735947
0.00821105
0.00115496
0.00757582
0.00756347
0.00734447
0.021341
0.00878924
0.00918408
0.0082237
0.00773954
0.00829092
0.00799771
0.00745902
0.00740532
0.00923802
0.00785768
0.00907819
0.00942544
0.00925975
0.00801775
0.00809696
0.00770656
0.00801822
0.00843549
0.00762006
0.00831767
0.00757857
0.00869003
0.00309067
0.00887612
0.00882869
0.0101885
0.00918529
0.00867123
0.00998043
0.00749043
0.00775
0.00784932
0.00836934
0.00780024
0.036476
0.00805675
0.00731448
0.0109094
0.00929907
0.00754123
0.00866903
0.0111727
0.00737663
0.00859671
0.00861526
0.0075784
0.00896658
0.00747286
0.00926084
0.00903172
0.00903876
0.00887097
0.00755131
0.172203
0.00257818
0.00827153
0.00734369
0.00738861
0.0104582
0.0433942
0.00984237
0.00238293
0.00836271
0.00158059
0.00743376
0.00811914
0.0417599
0.00853785
0.0160581
0.00741968
0.00879203
0.00815856
0.0078817
0.00837154
0.00731779
0.0586113
0.00750185
0.00910757
0.0111165
0.0148206
0.00743037
0.00888383
0.00784115
0.00736266
0.00823875
0.0116195
0.00740077
0.00371354
0.00804614
0.0211314
0.00766405
0.0165468
0.00748752
0.0145349
0.00779986
0.0095645
0.00872396
0.00770872
0.00972864
0.00798996
0.00748913
0.00860718
0.00742724
0.00691771
0.00738856
0.00834475
0.00773205
0.00784497
0.00969097
0.00149735
0.00847491
0.00837461
0.00735057
0.0079735
0.00958473
0.00519686
0.00755837
0.00800708
0.0108884
0.00762709
0.008392
0.00773043
0.00794727
0.00750846
0.00889989
0.00795791
0.013465
0.0073691
0.00782285
0.000559334
0.00813664
0.00746798
0.00784658
0.00892094
0.00790681
0.00745678
0.00912547
0.00930942
0.00762825
0.00775393
0.00782414
0.00774884
0.0142321
0.00870419
0.00747561
0.00737948
0.0217779
0.00730834
0.00581628
0.00751492
0.00858641
0.000743279
0.00764993
0.00734105
0.00790035
0.00753639
0.0198336
0.00794702
0.0102336
0.00820617
0.00837078
0.00768096
0.0149521
0.00750604
0.00793371
0.00741376
0.00733229
0.00763113
0.0076963
0.00737661
0.00758511
0.0528538
0.00761498
0.00808868
0.00845238
0.0159519
0.00790733
0.0073833
0.00908657
0.0178365
0.00779603
0.00855455
0.00947874
0.00770238
0.010081
0.00843419
0.00927051
0.00797348
0.00801699
0.00925176
0.0191429
0.00870313
0.00899287
0.00745274
0.00764988
0.00959173
0.00833046
0.0161916
0.00760319
0.00821782
0.00746919
0.00937002
0.00837685
0.026375
0.007895
0.0088608
0.0216583
0.0104024
0.0118529
0.0158036
0.0074099
0.00761038
0.00816984
0.0083328
0.00861102
0.00795041
0.0217218
0.016577
0.0381928
0.00754097
0.00811371
0.169948
0.0075139
0.00952334
0.00786601
0.00822172
0.00836392
0.0083395
0.00741771
0.0101786
0.00765171
0.00969418
0.006217
0.00861207
0.00750105
0.0177561
0.00809021
0.0178744
0.0086538
0.0172291
0.0100579
0.00831177
0.0079083
0.00739108
0.00932644
0.00812216
0.0167583
0.00665502
0.015123
0.00925037
0.0234351
0.0105065
0.00731179
0.00778668
0.0264607
0.0167915
0.00976714
0.00827582
0.00899031
0.00825692
0.0111911
0.00771323
0.0088181
0.0140241
0.0073496
0.00774061
0.00739272
0.00776775
0.0312468
0.00854158
0.00915748
0.00908492
0.00755291
0.00785102
0.00788164
0.00768025
0.00411017
0.0079904
0.00774512
0.0102387
0.00732091
0.00827993
0.0105877
0.00809067
0.00788237
0.0075821
0.00881606
0.00805002
0.14991
0.00859271
0.00838436
0.00749302
0.010337
0.00795822
0.00771669
0.00799783
0.00845468
0.00788115
0.00879417
0.00764093
0.00302282
0.00987861
0.00837633
0.0112926
0.00752249
0.00737848
0.00752521
0.010118
0.0076998
0.00774836
0.00735636
0.0028294
0.0251372
0.00783012
0.00802794
0.00748593
0.00780364
0.0447025
0.0078336
0.00946152
0.00694491
0.00745514
0.00901666
0.00872097
0.00984992
0.00739935
0.0195669
0.00818767
0.00972296
0.0356971
0.00836554
0.00833485
0.00821388
0.00854419
0.00830302
0.0320119
0.0158707
0.0082804
0.00755017
0.00760848
0.00822811
0.00873744
0.00741256
0.00790857
0.00760483
0.00911658
0.0101102
0.00835096
0.0320604
0.00782778
0.128567
0.0111974
0.00761019
0.00865882
0.00860865
0.00881059
0.00835909
0.00808257
0.0194069
0.00888128
0.00938906
0.0252814
0.0100362
0.00939155
0.00778152
0.0079206
0.00812461
0.00827254
0.00951045
0.0174223
0.0105643
0.011092
0.00791013
0.00412245
0.00749572
0.0308945
0.00799845
0.00748254
0.00846683
0.00760729
0.00792685
0.00693119
0.00776144
0.0101382
0.00882279
0.00965917
0.00788729
0.00788361
0.00750099
0.015187
0.00989684
0.00820952
0.00837492
0.0142581
0.00967911
0.00755244
0.00787767
0.00886987
0.00744117
0.00651033
0.0132462
0.00916326
0.00427795
0.0102383
0.0157642
0.00787962
0.00807086
0.0107273
0.0172994
0.0107741
0.00924105
0.00787668
0.00792088
0.00986925
0.0189332
0.00793891
0.00933458
0.00950878
0.0073832
0.0102101
0.0102828
0.00864496
0.0084224
0.0102328
0.00741273
0.0078135
0.0314812
0.00773842
0.00872767
0.00760833
0.00907528
0.00741719
0.00743362
0.00733804
0.00799958
0.00938167
0.0100966
0.00731293
0.00818841
0.0084421
0.00768066
0.0088163
0.0112196
0.00957849
0.00732592
0.0171288
0.00756441
0.00225867
0.00737964
0.00965376
0.0143216
0.00915009
0.00924733
0.00766503
0.0079707
0.00778082
0.00750266
0.00759126
0.00847456
0.0094085
0.00945087
0.00773518
0.00228796
0.00740621
0.00985364
0.00759938
0.0073797
0.00813054
0.00793947
0.00814263
0.00735307
0.0083427
0.00789247
0.00900917
0.00845317
0.0077616
0.00860863
0.0093161
0.00798896
0.00833523
0.00743386
0.00539433
0.00842305
0.00807401
0.00765727
0.0805749
0.00772766
0.00864724
0.00766079
0.00994419
0.00908541
0.00935844
0.00956621
0.0074925
0.00778291
0.00745785
0.00773446
0.00778242
0.00998843
0.00850472
0.00761701
0.00739799
0.00754802
0.00844169
0.00534123
0.00738225
0.00785697
0.000541171
0.0086469
0.0162899
0.00797744
0.0084039
0.00746072
0.0181586
0.0076824
0.0101576
0.007399
0.00749749
0.00731575
0.00745575
0.00749062
0.00939114
0.00798765
0.00734615
0.00761352
0.00865486
0.0074741
0.00859672
0.00820116
0.0088201
0.0077465
0.00773491
0.00762232
0.00736642
0.00989776
0.00783117
0.00953824
0.00856003
0.00738032
0.00888668
0.00749538
0.00787587
0.0180682
0.00884088
0.00738391
0.00826444
0.00422105
0.00845726
0.00862027
0.00755647
0.00954884
0.00208039
0.00753803
0.0178216
0.00771566
0.00845172
0.00849728
0.00795288
0.00892857
0.00784792
0.00926753
0.00744955
0.00856511
0.0105226
0.0122372
0.00912873
0.00857936
0.00874776
0.00773934
0.00774472
0.00771567
0.00753561
0.00768762
0.00782754
0.00741011
0.00859595
0.00752878
0.00747333
0.00760104
0.00866228
0.00748811
0.00763403
0.0105618
0.0200962
0.00426839
0.00885006
0.00842499
0.00767354
0.0097027
0.00809336
0.00782417
0.0245664
0.00804719
0.0260772
0.00906856
0.0104925
0.0443347
0.00740121
0.00906482
0.0103529
0.0139509
0.00844943
0.00838645
0.00946643
0.00777548
0.00868867
0.00807482
0.00782318
0.00913267
0.00816408
0.0085638
0.00743499
0.00641964
0.00778987
0.00804964
0.00910424
0.00757046
0.00758272
0.00766945
0.0103515
0.00770408
0.00766813
0.0076343
0.0104377
0.00783499
0.0092238
0.00833548
0.00746845
0.00840559
0.00736979
0.00882025
0.00892627
0.00928877
0.00755481
0.0160657
0.00889083
0.00894319
0.00822435
0.00831661
0.0110485
0.00741515
0.00735749
0.00811557
0.00934397
0.0146993
0.00889687
0.0388141
0.00963615
0.0079148
0.00828215
0.0101019
0.00793975
0.00744679
0.00775823
0.00851877
0.00746365
0.00742224
0.00910182
0.00739113
0.00473041
0.00869647
0.010891
0.00835859
0.00758524
0.00692246
0.00741035
0.0078795
0.00784342
0.00127199
0.00883558
0.00815779
0.00758903
0.00765168
0.00947707
0.00794546
0.00747086
0.00842458
0.00223503
0.0731898
0.00787557
0.00754092
0.00827984
0.00770773
0.00838308
0.00746007
0.00357555
0.0165979
0.00739743
0.00921187
0.00800875
0.0075161
0.00756633
0.00859029
0.00739294
0.00731549
0.00752027
0.00885832
0.0150636
0.00875105
0.0075597
0.0121995
0.00830583
0.0075787
0.00754651
0.00828426
0.00799304
0.00951074
0.00960333
0.00158998
0.0360906
0.00740408
0.00812573
0.00917901
0.0226262
0.00813916
0.00732164
0.00951673
0.000408041
0.0105782
0.00834252
0.00820958
0.00317474
0.00859179
0.00867752
0.0168508
0.0145532
0.00888626
0.0158896
0.00840575
0.00775913
0.0791889
0.0101895
0.0105832
0.00791347
0.00738647
0.00731367
0.010692
0.00969852
0.0189627
0.016358
0.0169672
0.00784131
0.00803014
0.008402
0.010207
0.00852601
0.00829964
0.0172103
0.00836295
0.00794456
0.00733389
0.0254092
0.00750438
0.00874047
0.0076205
0.00781561
0.0102604
0.0139587
0.00918921
0.00713157
0.00845318
0.00777636
0.00737623
0.0134967
0.00882564
0.00789447
0.00874437
0.0080574
0.00734089
0.00744704
0.00795509
0.00896677
0.00748501
0.0073533
0.0079828
0.00823309
0.00761088
0.0082043
0.00533872
0.0103269
0.00842417
0.0103259
0.00812892
0.01844
0.0281513
0.00854
0.0073315
0.00852295
0.00763715
0.00731575
0.00852374
0.0150394
0.00739998
0.00785314
0.0079266
0.0426162
0.0216359
0.00774183
0.00891752
0.0101384
0.00750524
0.00799925
0.00758807
0.00801073
0.00782268
0.00704178
0.0079693
0.00732402
0.00868035
0.0113266
0.010334
0.00780247
0.00738817
0.00822091
0.134331
0.00763113
0.0368809
0.00853976
0.00773883
0.00893893
0.00772966
0.00776386
0.00780272
0.00753726
0.00758176
0.00820112
0.00819769
0.0319728
0.00873648
0.00866724
0.0163032
0.00911812
0.00820259
0.0187085
0.00953604
0.000988505
0.00740071
0.00796205
0.0106306
0.0083135
0.0073234
0.00935922
0.00834721
0.00806014
0.00730976
0.00783417
0.00775174
0.000360499
0.014655
0.0164804
0.00811689
0.00487715
0.00978633
0.00855551
0.00898608
0.00771932
0.00776205
0.00894434
0.00877095
0.00750865
0.0078957
0.02643
0.00752443
0.00772891
0.00760151
0.0217852
0.00866054
0.00895992
0.00798597
0.00899359
0.0699687
0.00806945
0.00907839
0.00113649
0.00975666
7.03829e-06
0.00741639
0.00829698
0.00742567
0.00894402
0.00739081
0.00767344
0.00857161
0.00844717
0.00747191
0.00816447
0.00758195
0.0106476
0.00788662
0.00993376
0.00786635
0.00908644
0.0146223
0.00989645
0.00945071
0.0267852
0.0112523
0.0229649
0.00909896
0.00911451
0.00980575
0.00748368
0.0105378
0.009663
0.00761228
0.00871179
0.0155161
0.00747965
0.00837681
0.00835679
0.00905356
0.0345059
0.0104501
0.015076
0.00807446
0.00898468
0.00816235
0.00995803
0.0193348
0.00975969
0.00869688
0.00794354
0.00746677
0.00933831
0.00766335
0.0107991
0.0151534
0.0348984
0.00765377
0.00912745
0.00778912
0.00815021
0.0191769
0.00766833
0.00782211
0.00809415
0.0815245
0.010409
0.00801435
0.0167125
0.00764137
0.00747673
0.00793314
0.00983069
0.0118715
0.000153042
0.0164925
0.0369392
0.00894626
0.0112622
0.00860929
0.00869316
0.00513273
0.00814111
0.00774691
0.130019
0.00791431
0.00912709
0.00757726
0.00780665
0.00846891
0.0178669
0.00807849
0.00904388
0.0776081
0.00952247
0.00816802
0.0101475
0.0124996
0.0141633
0.00866576
0.00837612
0.00465411
0.0472033
0.00742044
0.00846917
0.00901583
0.00957459
0.00813445
0.0112202
0.0162208
0.00828046
0.00786473
0.0159714
0.0074767
0.00842975
0.00775958
0.00782091
0.00848636
0.00879628
0.00696719
0.00741519
0.0198811
0.00748428
0.00845631
0.00776956
0.00917367
0.00760398
0.00783453
0.00863901
0.00861765
0.00489892
0.0110556
0.00743309
0.00874583
0.00751335
0.00845864
0.00731115
0.019042
0.0119194
0.00819169
0.00922737
0.00984843
0.00768629
0.00778084
0.00321008
0.00901804
0.00746473
0.00747406
0.0105669
0.00790962
0.00817082
0.0119911
0.00787161
0.00749427
0.00755268
0.00145383
0.00756614
0.00776379
0.0102299
0.00758454
0.00850109
0.00934929
0.00728773
0.0271779
0.00824383
0.0085504
0.0109206
0.0147312
0.00380818
0.00816343
0.00806646
0.00733469
0.00880446
0.0084763
0.00813188
0.00791684
0.0171614
0.00874815
0.0104903
0.00746215
0.00746491
0.00748132
0.00816176
0.00768641
0.00971133
0.00784081
0.00740113
0.00777055
0.00842927
0.00776303
0.00936633
0.0162926
0.00743025
0.0159374
0.00732805
0.00787667
0.00868843
0.00976196
0.0103084
0.0153246
0.00970308
0.000571952
0.00731292
0.00772671
0.0694423
0.00830301
0.00739862
0.00964651
0.0166055
0.00772094
0.060175
0.00825331
0.028707
0.00837155
0.014556
0.00732645
0.00757045
0.00742704
0.0177507
0.0983009
0.00967373
0.00889428
0.02518
0.00738134
0.029247
0.00769598
0.00845518
0.0042076
0.00761085
0.00837896
0.0066872
0.00798452
0.00509813
0.00814781
0.00870667
0.00817158
0.00807376
0.00633774
0.00754428
0.007864
0.00903823
0.0206697
0.00776713
0.00777479
0.00759183
0.00741303
0.00947095
0.00955297
0.00775956
0.00891572
0.00872321
0.00801951
0.00736923
0.0090498
0.00753705
0.00742464
0.00784932
0.00740317
0.0187803
0.0077687
0.00689961
0.00851989
0.00869896
0.00744872
0.0143743
0.00161676
0.004897
0.000729564
0.032502
0.00793897
0.0292058
0.00854225
0.00758232
0.00749256
0.0104001
0.0181077
0.0106659
0.00798927
0.00827063
0.00780726
0.027601
0.0124711
0.00752524
0.000917316
0.00854745
0.0246878
0.000285721
0.00865181
0.0151704
0.00914619
0.00881218
0.0167169
0.00842519
0.0094545
0.00851068
0.0144537
0.0108372
0.00821234
0.0077158
0.00870813
0.014568
0.00863612
0.0098862
0.00945158
0.00795505
0.0149935
0.00749144
0.00737256
0.00832079
0.00756897
0.0105989
0.00847602
0.00910802
0.0158052
0.00767848
0.00835003
0.0120358
0.00758698
0.00823556
0.0231367
0.0081831
0.00823139
0.00815084
0.00730813
0.00848215
0.00210313
0.0080918
0.300632
0.00742607
0.00781196
0.00901954
0.00272194
0.0077468
0.00847335
0.00827042
0.00233023
0.00877837
0.0031
0.00772373
0.00758181
0.00752587
0.00845207
0.00771643
0.00762647
0.0141757
0.00885897
0.00970359
0.0162699
0.0151704
0.00842677
0.0253896
0.00995269
0.0085104
0.00956695
0.0161202
0.00913157
0.00878361
0.00830784
0.00739235
0.00871763
0.00809109
0.00755073
0.0385932
0.000674496
0.0078247
0.00926811
0.00419068
0.0176881
0.00301142
0.0186104
0.00140237
0.00790797
0.00755736
0.00869011
0.0080103
0.00953694
0.0152255
0.010658
0.00765526
0.00149735
0.00784155
0.00955941
0.0079187
0.00398539
0.00988871
0.00749951
0.00782354
0.00758181
0.00991509
0.0084703
0.00446047
0.0351457
0.0284081
0.00855182
0.00920305
0.0161923
0.0246372
0.00893266
0.00864136
0.00982209
0.0073326
0.00823559
0.0076156
0.0298567
0.00943426
0.00743362
0.00770204
0.007629
0.00811547
0.011465
0.000323165
0.000690815
0.00784039
0.00955127
0.0075761
0.00783232
0.00809271
0.0094286
0.0198973
0.00772806
0.00895063
0.00792444
0.00257842
0.00769828
0.0076728
0.00907413
0.00774106
0.00955847
0.0242595
0.0222378
0.0112502
0.00813052
0.00735027
0.00789201
0.0094013
0.00834514
0.048447
0.0160441
0.0149288
0.00922238
0.00744324
0.00808189
0.00677482
0.00776094
0.0103075
0.013755
0.00899157
0.00902701
0.00619884
0.00847394
0.00847071
0.00757223
0.00391048
0.00790981
0.00806947
0.00929127
0.00746605
0.00278297
0.00759857
0.00768425
0.00795151
0.00852352
0.0276907
0.00861591
0.00941646
0.0176432
0.00758882
0.00245444
0.00822214
0.00160284
0.0107082
0.0103664
0.0092042
0.00868875
0.00841583
0.00750037
0.00733596
0.00754304
0.00829672
0.0468228
0.0100125
0.00911315
0.0077942
0.00763293
0.00735177
0.00853618
0.00795901
0.00813253
0.00980179
0.00836966
0.00878174
0.0104987
0.0836175
0.00922351
0.0116054
0.00828252
0.00758088
0.0631395
0.00731504
0.00771966
0.00745364
0.00884422
0.00787154
0.00794026
0.00755714
0.00875073
0.00742734
0.0104023
0.00883748
0.00942953
0.00776169
0.00852024
0.00989287
0.00850946
0.00789083
0.0174104
0.0121357
0.00857649
0.00767014
0.00775555
0.00804703
0.00737656
0.0077356
0.00863815
0.00818704
0.00740916
0.00780573
0.00749673
0.00812406
0.00509019
0.00853672
0.00751498
0.000420685
0.0177364
0.00735971
0.0164784
0.00809811
0.0117787
0.00951454
0.0156916
0.00909198
0.00813145
0.00743869
0.0157716
0.0162762
0.00733534
0.00837577
0.0168812
0.00896591
0.00895432
0.00762257
0.00788776
0.0101618
0.00757193
0.0159525
0.00819371
0.00867137
0.00782541
0.00828488
0.0174891
0.00800994
0.00767183
0.0232689
0.00733226
0.0121101
0.00746613
0.0876144
0.00857822
0.0141556
0.00982373
0.00743453
0.00933359
0.0104413
0.00849282
0.0155244
0.00970904
0.00788546
0.0379108
0.00796362
0.00704889
0.00803726
0.0084489
0.0153012
0.0166545
0.00731859
0.00880161
0.00800696
0.0226531
0.00842852
0.00753473
0.00922098
0.00831642
0.00777241
0.00791767
0.00870097
0.00788588
0.00802953
0.00737715
0.00790111
0.00763213
0.0100016
0.00299035
0.00957682
0.00190849
0.00917791
0.00800746
0.00811565
0.00805027
0.00787328
0.0076441
0.00833919
0.00828157
0.00742044
0.0561148
0.0105629
0.0100142
0.0111871
0.00857376
0.0073493
0.00786621
0.0074832
0.0198751
0.00915841
0.00768823
0.00947195
0.00811229
0.00895266
0.00757461
0.00748824
0.00749823
0.0107267
0.00806599
0.00771504
0.00793142
0.0089748
0.00751355
0.00971582
0.0111075
0.00812478
0.0077381
0.00559996
0.00776339
0.0109607
0.00905586
0.00816011
0.00825623
0.00762735
0.00769854
0.00786505
0.0110267
0.00797026
0.00816924
0.00886671
0.0157634
0.0088145
0.00750702
0.00746661
0.00872383
0.00545845
0.00803844
0.00953357
0.00845023
0.00857346
0.00783271
0.0255746
0.00776219
0.00791971
0.0085787
0.0076899
0.0196962
0.00737866
0.00759716
0.0089836
0.00759583
0.00756362
0.00770549
0.00747011
0.00830622
0.0168234
0.00823892
0.00949123
0.00731802
0.00611852
0.00916134
0.0918095
0.0199292
0.00901236
0.00811982
0.0227816
0.00748157
0.0107287
0.00755531
0.00732778
0.00874276
0.00778737
0.00865139
0.00933834
0.0100826
0.00867624
0.00804497
0.00786727
0.0079947
0.00929458
0.0629251
0.00777545
0.0129488
0.0088789
0.0281768
0.0073173
0.0100859
0.00759972
0.00250753
0.00799351
0.00495508
0.00787159
0.00907991
0.0195645
0.0162209
0.0080015
0.00830293
0.00737218
0.00832338
0.00781592
0.0321173
0.00915045
0.00809103
0.00816062
0.00925874
0.00846331
0.00790158
0.0097215
0.0085672
0.0174064
0.0106154
0.00756298
0.00803187
0.00892782
0.00767826
0.00829651
0.0076682
0.00780311
0.00865231
0.00845836
0.0107035
0.00976991
0.00769127
0.00733589
0.00796336
0.00856821
0.00812533
0.00761685
0.00820578
0.0202562
0.0076002
0.0099828
0.00787005
0.014301
0.00850546
0.00732615
0.00975114
0.0074809
0.00856425
0.00902699
0.00763491
0.00744666
0.0150866
0.0132847
0.00735903
0.00846969
0.00837658
0.00929212
0.00870344
0.00836736
0.0531146
0.00735759
0.00767685
0.00739063
0.0139012
0.00962149
0.0113986
0.0191327
0.0085809
0.00913166
0.00732584
0.00792379
0.0169476
0.00903496
0.00734406
0.018607
0.0083522
0.00749458
0.00797779
0.012518
0.0116214
0.00785402
0.00976287
0.00772446
0.00733784
0.0079982
0.00781067
0.0130707
0.000471988
0.00770643
0.1121
0.0079739
0.00910077
0.00783288
0.024912
0.0110326
0.0192217
0.00952493
0.00979821
0.00757813
0.0076981
0.00447268
0.0166635
0.00815119
0.00949438
0.00748427
0.0108569
0.00733184
0.00853614
0.00797957
0.00786397
0.00759543
0.0178848
0.00774593
0.00732845
0.00814851
0.00842876
0.00776101
0.116102
0.00931818
0.00738997
0.00836309
0.00746847
0.00124314
0.00755193
0.00985748
0.00747235
0.0799452
0.00802674
0.00745915
0.00748784
0.00757013
0.00757874
0.00760572
0.00965739
0.00472746
0.00963728
0.0193864
0.00886091
0.00957336
0.00747983
0.000682034
0.0077289
0.00887691
0.00748242
0.00289723
0.0092142
0.00905453
0.0073142
0.00823921
0.00621702
0.00788677
0.00761941
0.009282
0.0104852
0.00785593
0.00386904
0.0511153
0.00784406
0.00894846
0.0148308
0.00745782
0.0209636
0.0213585
0.00660615
0.015147
0.0203438
0.00760616
0.0191731
0.0104425
0.00979304
0.0666075
0.00937451
0.00907437
0.00793969
0.00479013
0.0104993
0.0145617
0.00499145
0.00801396
0.00754988
0.00737956
0.00821922
0.0089781
0.00899687
0.00805406
0.00813875
0.00773581
0.00873547
0.00737846
0.00767412
0.00913793
0.0094267
0.0137635
0.00785267
0.00803046
0.00786152
0.00795152
0.0073166
0.0165218
0.00876482
0.00219436
0.00756179
0.0157645
0.00875238
0.0076489
0.0152992
0.00754078
0.00994691
0.00975071
0.00841176
0.00745533
0.00978316
0.00741515
0.00795787
0.00879321
0.00783121
0.00803002
0.00794866
0.0074255
0.00830231
0.0111115
0.00953901
0.00929129
0.00821013
0.00763996
0.00801923
0.00734777
0.00744806
0.00757844
0.00814799
0.00872018
0.00944887
0.0193138
0.00773715
0.00918821
0.00775567
0.00848722
0.00782985
0.0082211
0.00805045
0.00874411
0.00750375
0.00741045
0.00862137
0.00782414
0.00765036
0.00740021
0.033085
0.00964578
0.00953553
0.0183517
0.000173608
0.00762202
0.0363059
0.00805733
0.0074871
0.00805884
0.00788638
0.0090303
0.00751409
0.00927498
0.0885386
0.00772895
0.112288
0.00827003
0.00926548
0.0140821
0.0144132
0.00740305
0.00839136
0.00915712
0.00760246
0.00738304
0.00822751
0.00782995
0.00736736
0.0155599
0.00810572
0.00854076
0.00882831
0.00886195
0.00929565
0.00843484
0.00763642
0.00787112
0.0149654
0.00853414
0.00831768
0.0179226
0.00740298
0.00896504
0.0091258
0.00838216
0.00823992
0.00949978
0.00772621
0.00850809
0.0452309
0.00815981
0.0245388
0.00745287
0.00917394
0.00114796
0.00763416
0.0090778
0.00825584
0.00886499
0.0101729
0.00207556
0.00754366
0.0100567
0.00994205
0.0261598
0.00870771
0.10972
0.00791773
0.0102686
0.00906049
0.00782793
0.00565065
0.0080189
0.00862374
0.0096768
0.00817327
0.00945979
0.00855695
0.0273253
0.038585
0.0149817
0.00879174
0.00782111
0.0177149
0.00753153
0.0106767
0.00879261
0.00748109
0.00744576
0.0100846
0.00805916
0.00821327
0.00374414
0.035941
0.00865489
0.00752888
0.0503512
0.0144962
0.0198216
0.0045019
0.00940236
0.00802676
0.00930273
0.00750506
0.007788
0.0163514
0.00984568
0.00489658
0.00784805
0.0081291
0.00557107
0.0476546
0.00795608
0.00847195
0.0084501
0.00750233
0.00738512
0.00794106
0.0107609
0.00892716
0.00761964
0.00931933
0.004918
0.00909869
0.00468689
0.00924503
0.0156607
0.014427
0.00850029
0.00776124
0.00829161
0.00935468
0.0147128
0.00756813
0.00937749
0.00908612
0.00733821
0.00797787
0.00742578
0.0073631
0.00858585
0.00758851
0.00921346
0.00785056
0.00759423
0.0075816
0.000645081
0.00948159
0.0203772
0.00794165
0.00820068
0.00806828
0.00846716
0.00892308
0.0164053
0.00916162
0.00764998
0.00880886
0.0229263
0.00771749
0.00736094
0.00944704
0.00755301
0.00744738
0.00893968
0.00833361
0.011558
0.00777584
0.00799565
0.00784432
0.00857225
0.00873413
0.007922
0.0113031
0.00872477
0.00734771
0.00886568
0.00824679
0.00784117
0.00743918
0.0088811
0.00902659
0.0153667
0.0444963
0.0103616
0.0146669
0.00731914
0.00888773
0.00798102
0.00841167
0.00976302
0.00958524
0.00772598
0.00826536
0.0105652
0.090916
0.011081
0.00898518
0.00824952
0.00910754
0.00762282
0.00786552
0.0140171
0.00737491
0.00915433
0.00869435
0.00948507
0.00749236
0.0081471
0.00866675
0.00789984
0.0314696
0.00818336
0.221517
0.00993925
0.00843675
0.00731791
0.00757355
0.00792182
0.0086019
0.0078996
0.00867761
0.00901776
0.00792395
0.0109423
0.00779579
0.00792239
0.0192138
0.00747766
0.00857794
0.00852369
0.00784085
0.00853761
0.0075016
0.00799753
0.00747069
0.0171008
0.0152196
0.00741698
0.0210184
0.00159518
0.00824561
0.00902105
0.00775629
0.00809781
0.00769878
0.0102451
0.00766755
0.00903272
0.00955989
0.009621
0.00790219
0.0091188
0.00920609
0.00813686
0.00772607
0.00791585
0.10803
0.00797231
0.009594
0.00907778
0.0114014
0.00768207
0.00886906
0.00785912
0.00859594
0.0102418
0.00783028
0.0188004
0.00777206
0.00828724
0.0078776
0.00528449
0.010055
0.0147674
0.00926307
0.0091215
0.00907108
0.00742381
0.00852269
0.00850746
0.00732267
0.0078842
0.0117725
0.00789416
0.00945729
0.0102182
0.00732413
0.00737741
0.00823557
0.021791
0.00966919
0.00769476
0.0150472
0.00795295
0.00739659
0.00758833
0.00152158
0.0101709
0.00837677
0.00786906
0.00807117
0.00807348
0.00787974
0.0113741
0.0105583
0.00771872
0.00796498
0.0154632
0.0138876
0.00754031
0.00738082
0.0070386
0.00940483
0.00782724
0.00763191
0.00765372
0.00874541
0.0122113
0.00958395
0.0282369
0.0079375
0.0166364
0.00747466
0.0073931
0.00862665
0.00830386
0.00845327
0.00767479
0.00804698
0.00976147
0.00991744
0.00849857
0.00797651
0.0182671
0.00829285
0.0303919
0.00101293
0.00792708
0.0319022
0.0085318
0.00737443
0.017966
0.0107408
0.00847265
0.115861
0.00823685
0.00818854
0.00767818
0.0146306
0.0231227
0.00788561
0.00770323
0.00743561
0.0140875
0.00773924
0.00825891
0.00814276
0.0237281
0.00845385
0.00829252
0.0091625
0.00827536
0.00995959
0.00811552
0.00788903
0.0101226
0.00903671
0.00306437
0.00777052
0.00434201
0.0209444
0.0081419
0.0074789
0.00772676
0.00784167
0.00872556
0.00778817
0.00807215
0.00782779
0.00800575
0.00749989
0.0102384
0.0073361
0.0145817
0.103097
0.00942801
0.00879445
0.0151572
0.018689
0.00820207
0.00735758
0.0075434
0.00819674
0.00934315
0.00844543
0.0104994
0.00744164
0.00878988
0.00950319
0.00731788
0.00750495
0.00450509
0.00840375
0.00519595
0.00759146
0.00735709
0.00856452
0.00847742
0.00971842
0.00782586
0.00391372
0.00718533
0.0496244
0.00938137
0.00811174
0.0112787
0.00872455
0.00962725
0.0268797
0.00777538
0.110826
0.0293628
0.00804604
0.00898266
0.00890504
0.00806063
0.163089
0.0554823
0.0151136
0.00971337
0.00870352
0.00966901
0.00833505
0.00271552
0.0183175
0.00887469
0.00757389
0.00821198
0.0092419
0.00668406
0.00760327
0.0082511
0.0167891
0.0351347
0.00828001
0.00786222
0.00809302
0.00902913
0.00740576
0.00802156
0.00834543
0.00784653
0.00836758
0.00841831
0.00796341
0.00490933
0.00960691
0.00826789
0.0103214
0.00740123
0.00907957
0.00803599
0.00868677
0.00795275
0.00927844
0.00772826
0.00795611
0.020387
0.00789942
0.00792042
0.00943604
0.0122291
0.00841252
0.00856763
0.00849315
0.00916447
0.00745845
0.00923986
0.0178823
0.00759568
0.00882525
0.00854952
0.00754228
0.00800456
0.0117058
0.00740379
0.00732062
0.00784576
0.00929067
0.00731135
0.00744218
0.0078521
0.00741851
0.0073358
0.00983957
0.00808016
0.00754753
0.00739845
0.00814324
0.00908776
0.0107146
0.00831312
0.00936028
0.00750039
0.00772629
0.00875816
0.00829681
0.0162344
0.00784758
0.0084797
0.00739232
0.00746898
0.00747278
0.00796079
0.00760613
0.00792373
0.00746576
0.00259222
0.0207716
0.0087614
0.00762886
0.0174704
0.00862034
0.171542
0.00762345
0.0079991
0.0086121
0.00822619
0.0568912
0.000184536
0.00888298
0.0109461
0.00857794
0.0152108
0.00902707
0.0624638
0.00961148
0.00784027
0.00794752
0.00786587
0.00741242
0.00798047
0.00901339
0.00767675
0.00794924
0.0117724
0.0088317
0.00361854
0.00848174
0.00507574
0.00808644
0.0073736
0.0077781
0.00749239
0.0077883
0.00785195
0.00732334
0.00827866
0.0191681
0.00820272
0.00668556
0.00769688
0.00864767
0.00832908
0.00740354
0.0074387
0.00781144
0.00889559
0.0164789
0.0173637
0.00874448
0.0143443
0.0811384
0.00996222
0.00766925
0.0079054
0.0114834
0.009952
0.0078125
0.00128402
0.00740668
0.0319607
0.00797239
0.00491466
0.00731707
0.00875966
0.00829327
0.00759686
0.00970769
0.00186713
0.0103357
0.00823796
0.0143422
0.00777374
0.00810766
0.0145084
0.00598951
0.00414399
0.00895914
0.0074374
0.00789091
0.00784827
0.0080134
0.0073701
0.0100147
0.00800514
0.0118726
0.0073324
0.00764749
0.0181199
0.0479352
0.00904357
0.00887135
0.00709782
0.0113218
0.0103647
0.00883036
0.00753818
0.00892626
0.00732848
0.00663721
0.0141389
0.00367311
0.011511
0.00781812
0.00734619
0.00915565
0.00830345
0.00777811
0.00762686
0.0159442
0.0144848
0.00779264
0.00816775
0.0100563
0.00777726
0.00751016
0.0081035
0.00802122
0.00730743
0.00781175
0.00815222
0.00804081
0.00748123
0.00804254
0.00743759
0.0075811
0.00767219
0.00974608
0.00767012
0.00937782
0.109159
0.0161686
0.00736118
0.00794136
0.00772226
0.00793308
0.00749893
0.00928865
0.0132447
0.00811912
0.00814835
0.0076782
0.0100802
0.00794294
0.0410476
0.0226115
0.00821308
0.00767303
0.00794596
0.00812578
0.00822938
0.0083363
0.00791244
0.0112829
0.00840962
0.0119493
0.00753064
0.0155471
0.00897021
0.00853618
0.00525358
0.00763436
0.00367726
0.00937243
0.0079798
0.00765818
0.0109134
0.000118279
0.00820396
0.00128272
0.0105028
0.00947276
0.00765318
0.00751074
0.00764734
0.0248862
0.00755503
0.00931924
0.0978144
0.00739826
0.0194734
0.0105259
0.00819204
0.00788029
0.0581327
0.00806841
0.0107686
0.00733614
0.00751985
0.00590944
0.00763636
0.0153258
0.00747436
0.0076713
0.0392674
0.0464933
0.00965055
0.0083742
0.0115221
0.00730874
0.00777309
0.00854304
0.00836225
0.0241975
0.00756651
0.00754957
0.00794052
0.0111388
0.0107385
0.00862724
0.0081081
0.0417584
0.00902214
0.00777756
0.0065519
0.0258461
0.00788209
0.00856988
0.0077487
0.00883889
0.00874406
0.00740776
0.00993444
0.0149981
0.0081315
0.00802787
0.00744579
0.00753397
0.0103773
0.00739168
0.00827748
0.00509874
0.00866683
0.00784704
0.00737367
0.00755433
0.0075793
0.00786171
0.00832508
0.0105377
0.00968877
0.00784594
0.00897887
0.00371291
0.00764889
0.00858153
0.00936172
0.00752675
0.00885381
0.00763327
0.016751
0.00878528
0.00763172
0.0081323
0.0143541
0.00787089
0.000390991
0.00769314
0.00747686
0.00932092
0.00742133
0.00787092
0.0336577
0.00845648
0.010581
0.00759314
0.00789033
0.00750247
0.00911692
0.103434
0.0076412
0.00935644
0.00793877
0.0078337
0.0143284
0.00779992
0.00910304
0.00818679
0.0150165
0.0104051
0.00785057
0.00801031
0.00736906
0.00766352
0.00737614
0.00788139
0.0153092
0.00822641
0.00859664
0.0227709
0.00799588
0.00830242
0.0091027
0.00994419
0.0104014
0.00883622
0.00917221
0.00958408
0.00921496
0.0226401
0.00749652
0.00738729
0.00755041
0.00744362
0.00823868
0.00884789
0.00784065
0.00792316
0.00757543
0.0142987
0.0108368
0.00862474
0.00853201
0.00805357
0.00778033
0.00764286
0.0103919
0.00795888
0.008709
0.00787551
0.00797566
0.00804165
0.00905541
0.00971107
0.00867722
0.00891177
0.00771124
0.00797993
0.00780414
0.00756525
0.00840239
0.00844053
0.00856543
0.00874124
0.00754262
0.0100792
0.00818877
0.00735019
0.00734571
0.00797564
0.009342
0.00426542
0.0202395
0.00860062
0.149498
0.00785338
0.0081142
0.007505
0.00814042
0.00993093
0.00805679
0.0108111
0.00795049
0.00740905
0.00842276
0.00804301
0.0075891
0.00865057
0.0834347
0.0240825
0.0076395
0.00827956
0.00779232
0.00987716
0.00773371
0.00859841
0.00851055
0.00824615
0.00738349
0.00759733
0.00747542
0.00850477
0.00785057
0.00732448
0.029854
0.00755939
0.00749312
0.00989832
0.00783663
0.00886949
0.00845785
0.00790549
0.00780211
0.00832907
0.00829672
0.00866678
0.00742006
0.00735317
0.00773992
0.118134
0.00821496
0.0137805
0.00948481
0.00749937
0.0074547
0.00971626
0.00852261
0.00783477
0.00796859
0.00798278
0.0079453
0.00782734
0.0146486
0.00761067
0.00799596
0.00882079
0.000430455
0.00834852
0.00865106
0.00841326
0.00896025
0.0106756
0.00821854
0.00862521
0.0120467
0.000554089
0.00763904
0.0172212
0.00751306
0.0113675
0.00733399
0.00762263
0.0166035
0.00732948
0.00758364
0.00896076
0.00845599
0.00823
0.00757976
0.00849334
0.0080308
0.00845894
0.00880451
0.00773996
0.0080439
0.00940101
0.00777921
0.00947578
0.00799978
0.00947301
0.00848273
0.00997216
0.0173943
0.00849788
0.00787661
0.00924289
0.00915614
0.00767338
0.0298785
0.00777995
0.00780007
0.0162765
0.0322137
0.0301713
0.00951483
0.0153587
0.0107519
0.0090046
0.00867556
0.00867459
0.0490836
0.00764448
0.0084024
0.00749203
0.0136189
0.0116117
0.0236577
0.00731008
0.00495004
0.00738048
0.0143855
0.0088148
0.000376635
0.00796693
0.00910099
0.00751985
0.00862129
0.00868843
0.00882654
0.012473
0.00734095
0.00982519
0.00934481
0.0192377
0.0123635
0.00966751
0.00793201
0.0139569
0.00785875
0.0139436
0.00772386
0.00772841
0.00845204
0.00736281
0.0176872
0.0342913
0.00933556
0.0089387
9.51546e-05
0.00814306
0.00745673
0.00759811
0.00768043
0.0074692
0.011199
0.00841725
0.00732998
0.00918788
0.00746303
0.00741969
0.00944953
0.0179726
0.00762085
0.00792397
0.009659
0.00884884
0.0084261
0.0153567
0.0358179
0.00232077
0.0199839
0.0220565
0.00808503
0.00826066
0.00977314
0.00759903
0.00742282
0.008431
0.0143515
0.00746411
0.0285134
0.00756518
0.00832402
0.00897541
0.00731778
0.0157664
0.00804961
0.00754694
0.00752564
0.0095121
0.00826717
0.0148009
0.00896385
0.00965282
0.00883927
0.0112599
0.00899309
0.00839714
0.00749975
0.00576085
0.00893335
0.0079023
0.0076451
0.00744947
0.00859577
0.00915655
0.00850215
0.0104794
0.00747758
0.00809201
0.0102156
0.00860551
0.00748591
0.00880822
0.00761137
0.0097364
0.00841163
0.00845963
0.0074106
0.0119143
0.00742513
0.0143614
0.00770849
0.0085667
0.00769664
0.0263947
0.00744373
0.00751451
0.00819894
0.0306869
0.00779308
0.00749405
0.00743003
0.0175552
0.00765624
0.00959614
0.00939904
0.00771467
0.00787716
0.00739837
0.00556656
0.00788826
0.00841967
0.00848458
0.00792981
0.00785628
0.00810593
0.00804417
0.00876202
0.00778299
0.00853355
0.00847454
0.00737963
0.00786007
0.00864934
0.00964865
0.00747607
0.0336367
0.00749068
0.00762744
0.00791092
0.00836069
0.00867243
0.0093797
0.00853479
0.00844719
0.00793674
0.00917725
0.0150644
0.0171384
0.00238846
0.00261657
0.0346203
0.00813177
0.00822636
0.0075386
0.00827474
0.00850166
0.00274442
0.014187
0.00786286
0.00925045
0.00747135
0.00993884
0.00766072
0.00763263
0.00819453
0.00759506
0.00928567
0.00834088
0.0117116
0.0115675
0.00744333
0.028003
0.00823948
0.00998431
0.00806269
0.00784178
0.00761353
0.0106582
0.00778812
0.0184553
0.00796829
0.044416
0.0073176
0.0096141
0.00958752
0.00777274
0.00784437
0.000889444
0.0073879
0.00819752
0.00903724
0.119111
0.00746194
0.0077069
0.00959813
0.000429654
0.00742557
0.0077815
0.00907429
0.00796577
0.00836927
0.0117595
0.00741729
0.00975568
0.0093821
0.00784338
0.00845982
0.00746953
0.0240717
0.00931067
0.00876663
0.0101853
0.0080702
0.0104077
0.00807697
0.0075949
0.00813152
0.0398199
0.00844596
0.00797761
0.00754572
0.00783835
0.00764617
0.00873563
0.0076619
0.00505545
0.00917089
0.00910071
0.00732413
0.0191314
0.00806928
0.0156531
0.00908254
0.00764814
0.0073189
0.0084787
0.00804864
0.0094223
0.00770025
0.00733387
0.0081794
0.00734356
0.00813531
0.00745056
0.00750768
0.00822153
0.00839448
0.0360741
0.0141875
0.0332771
0.0101129
0.0106642
0.00782875
0.00748187
0.00754519
0.00803254
0.00735334
0.00730698
0.0184992
0.00359438
0.00847564
0.00781941
0.00958517
0.00867908
0.0284437
0.0104719
0.160839
0.0199658
0.00753237
0.0079609
0.00853497
0.00749156
0.0079499
0.00854757
0.00747411
0.00788439
0.00982394
0.0261712
0.00861043
0.00766619
0.0415769
0.00922092
0.00912993
0.00819152
0.0201198
0.00952167
0.00651688
0.00743601
0.0282247
0.00772823
0.00738466
0.00785816
0.00926841
0.00803806
0.00888264
0.00767556
0.00952712
0.0084016
0.00739935
0.00773842
0.00766282
0.0144118
0.00738553
0.00748701
0.00954913
0.0115213
0.0161671
0.00803977
0.00937643
0.00737488
0.00765093
0.00759632
0.00838779
0.00811739
0.0082842
0.00905676
0.0105602
0.0280907
0.00994102
0.00762407
0.00888979
0.00734011
0.00819377
0.0727436
0.00741946
0.0214995
0.00815431
0.0081641
0.00745683
0.00707763
0.00848588
0.00804067
0.00759306
0.0082076
0.157857
0.00846358
0.00813249
0.00888151
0.00822033
0.0156935
0.00808002
0.0286371
0.00983211
0.00132624
0.0321393
0.00738488
0.00732418
0.00754288
0.00250999
0.00739839
0.00692192
0.00752936
0.00766777
0.00850093
0.00771091
0.00893358
0.00825268
0.018693
0.00875643
0.00775582
0.00741464
0.00972321
0.00863986
0.00778073
0.00780567
0.00836336
0.00906188
0.00804521
0.0083603
0.00890325
0.00268352
0.0108453
0.00873895
0.00848289
0.00823983
0.00860978
0.00743254
0.010128
0.00782455
0.00857806
0.010159
0.00908692
0.00891953
0.00866432
0.007978
0.00751509
0.0186879
0.00853223
0.00947443
0.00952314
0.00756533
0.008777
0.0172498
0.00134073
0.00731315
0.00870903
0.00887618
0.00797937
0.00889656
0.0370051
0.00783362
0.00874155
0.00948782
0.00782969
0.00950248
0.00991842
0.00876843
0.0074577
0.00943232
0.00544622
0.0100756
0.00893493
0.00773767
0.00833166
0.00741208
0.00898767
0.014675
0.00842914
0.00774676
0.0970231
0.00785208
0.00873074
0.00759727
0.00427139
0.00731722
0.00759848
0.00898991
0.00831583
0.0487839
0.0076862
0.0153768
0.00768275
0.00786823
0.00839254
0.00756093
0.00779499
0.00880824
0.010278
0.00792385
0.0262167
0.00772236
0.00825659
0.0077162
0.0106798
0.0106407
0.00801786
0.00802025
0.00818311
0.00765938
0.0692129
0.00984667
0.00843759
0.0115483
0.00768923
0.00785498
0.00735663
0.0647774
0.00977132
0.00756879
0.00765451
0.0081175
0.0179551
0.0158532
0.00837717
0.0258366
0.00802166
0.00906933
0.00756046
0.00890303
0.00770463
0.00784951
0.121977
0.00754446
0.00796409
0.0519623
0.00813028
0.00849871
0.00880084
0.00801282
0.00766451
0.00745492
0.00784021
0.00799636
0.007642
0.00956722
0.00908924
0.00820397
0.0117742
0.00950653
0.00332556
0.000764657
0.00740944
0.00489821
0.00736942
0.00473552
0.0285017
0.00832085
0.00866777
0.000706298
0.00805698
0.00928076
0.00774915
0.0280313
0.00779312
0.00730779
0.0631958
0.00899178
0.00782986
0.0107097
0.00500553
0.00873762
0.00860194
0.0074876
0.0101764
0.00795425
0.00912825
0.00790549
0.0333243
0.0593562
0.00763214
0.00775767
0.00744941
0.00772277
0.00747632
0.00938263
0.00151427
0.00839325
0.00903586
0.00785334
0.00742889
0.00338612
0.00804812
0.0087557
0.00788907
0.00790367
0.00788848
0.00827912
0.00916254
0.00785718
0.035382
0.00797573
0.00765468
0.00978128
0.008048
0.00772145
0.00805216
0.10332
0.00732003
0.00829085
0.00818698
0.00807352
0.00758412
0.00894547
0.00804273
0.00897991
0.00201011
0.00917198
0.00924971
0.00930357
0.00982747
0.00799848
0.00731814
0.0076736
0.00754339
0.0169924
0.00809811
0.00926812
0.00835688
0.00738714
0.00891009
0.0198871
0.0085683
0.00863284
0.0166971
0.00843651
0.00775662
0.00795491
0.00810627
0.00730987
0.0141402
0.0107372
0.00772712
0.00791099
0.00781408
0.00738063
0.00764439
0.00739108
0.00920177
0.00971061
0.00810939
0.00851813
0.0095854
0.00900825
